OrderId,ClientOrderId,Result,ResultCode,Message,Amount,AmountFilled,IsAmountFilledReversed,Price,AveragePrice,OrderDate,HTTPHeaderDate,CompletedDate,MarketSymbol,IsBuy,Fees,FeesCurrency,TradeId,TradeDate,UpdateSequence
4efc63d8-584b-43b5-b354-5e6eba4f1152,,PendingOpen,,,0.0001979,0,False,20209.64,,10/27/2022 00:13:46,10/27/2022 00:13:46,01/01/0001 00:00:00,BTC-EUR,True,0,BTC,,,
f26e4753-55a6-44dd-9a19-9425f032eeac,,PendingOpen,,,0.0001981,0,False,20189.02,,10/27/2022 00:13:50,10/27/2022 00:13:50,01/01/0001 00:00:00,BTC-EUR,True,0,BTC,,,
86be492e-7011-48be-bc62-ba40b0ac99aa,,PendingOpen,,,0.0001983,0,False,20168.39,,10/27/2022 00:13:55,10/27/2022 00:13:55,01/01/0001 00:00:00,BTC-EUR,True,0,BTC,,,
83cee5cb-daef-4995-8854-36c821f3892b,,PendingOpen,,,0.0001985,0,False,20147.77,,10/27/2022 00:14:00,10/27/2022 00:14:00,01/01/0001 00:00:00,BTC-EUR,True,0,BTC,,,
0ef77aed-ca1d-4885-9fe6-09aa98c992f8,,PendingOpen,,,0.0001987,0,False,20127.15,,10/27/2022 00:14:01,10/27/2022 00:14:01,01/01/0001 00:00:00,BTC-EUR,True,0,BTC,,,
4bf2abac-205c-49e6-aded-a2e2f7269c3d,,PendingOpen,,,0.0001989,0,False,20106.53,,10/27/2022 00:14:06,10/27/2022 00:14:06,01/01/0001 00:00:00,BTC-EUR,True,0,BTC,,,
c5dc3144-f5b8-4fb5-b152-30fa0fc26805,,PendingOpen,,,0.0001991,0,False,20085.91,,10/27/2022 00:14:06,10/27/2022 00:14:06,01/01/0001 00:00:00,BTC-EUR,True,0,BTC,,,
63e93c79-66cb-4228-ba88-fb93ee8019f4,,PendingOpen,,,0.0001993,0,False,20065.28,,10/27/2022 00:14:07,10/27/2022 00:14:07,01/01/0001 00:00:00,BTC-EUR,True,0,BTC,,,
a41b0fd4-4e00-493b-9dc4-f49407c30b90,,PendingOpen,,,0.0001996,0,False,20044.66,,10/27/2022 00:14:07,10/27/2022 00:14:07,01/01/0001 00:00:00,BTC-EUR,True,0,BTC,,,
3e1a9d02-389e-4581-850f-7cd30e609ad3,,PendingOpen,,,0.0001998,0,False,20024.04,,10/27/2022 00:14:07,10/27/2022 00:14:07,01/01/0001 00:00:00,BTC-EUR,True,0,BTC,,,
d585340c-13df-4796-b099-637cf944c087,,PendingOpen,,,0.0002,0,False,20003.42,,10/27/2022 00:14:07,10/27/2022 00:14:07,01/01/0001 00:00:00,BTC-EUR,True,0,BTC,,,
5cccc0a1-8dc8-46fe-9a09-8c68990c457a,,PendingOpen,,,0.0002002,0,False,19982.8,,10/27/2022 00:14:07,10/27/2022 00:14:08,01/01/0001 00:00:00,BTC-EUR,True,0,BTC,,,
10700271-8632-4b34-80a2-0bd94f6e225c,,PendingOpen,,,0.0002004,0,False,19962.17,,10/27/2022 00:14:08,10/27/2022 00:14:08,01/01/0001 00:00:00,BTC-EUR,True,0,BTC,,,
687f15ea-32ac-4ba6-a2f9-7a03a3a3816c,,PendingOpen,,,0.0002006,0,False,19941.55,,10/27/2022 00:14:08,10/27/2022 00:14:08,01/01/0001 00:00:00,BTC-EUR,True,0,BTC,,,
e1b8f8aa-b40f-4544-9e1b-06fe348d3ac0,,PendingOpen,,,0.0002008,0,False,19920.93,,10/27/2022 00:14:08,10/27/2022 00:14:08,01/01/0001 00:00:00,BTC-EUR,True,0,BTC,,,
c2c9829b-b70a-4ce5-a48b-f649ed380290,,PendingOpen,,,0.000201,0,False,19900.31,,10/27/2022 00:14:08,10/27/2022 00:14:08,01/01/0001 00:00:00,BTC-EUR,True,0,BTC,,,
5c5b65e6-04ff-460e-a518-9cf99b80e21d,,PendingOpen,,,0.0002012,0,False,19879.69,,10/27/2022 00:14:08,10/27/2022 00:14:08,01/01/0001 00:00:00,BTC-EUR,True,0,BTC,,,
c89f5095-9802-4198-b867-2cf745f3d96a,,PendingOpen,,,0.0002014,0,False,19859.06,,10/27/2022 00:14:09,10/27/2022 00:14:09,01/01/0001 00:00:00,BTC-EUR,True,0,BTC,,,
dd3f9279-25a6-438d-84f0-15a6f9b6aa0e,,PendingOpen,,,0.0002016,0,False,19838.44,,10/27/2022 00:14:09,10/27/2022 00:14:09,01/01/0001 00:00:00,BTC-EUR,True,0,BTC,,,
72220788-2b57-4173-80fe-ed3198bf4363,,PendingOpen,,,0.0002018,0,False,19817.82,,10/27/2022 00:14:09,10/27/2022 00:14:09,01/01/0001 00:00:00,BTC-EUR,True,0,BTC,,,
3b86c98a-4948-4ea3-8f81-d585111b8c13,,PendingOpen,,,0.000202,0,False,19797.2,,10/27/2022 00:14:09,10/27/2022 00:14:09,01/01/0001 00:00:00,BTC-EUR,True,0,BTC,,,
11e80e9a-dea1-428d-a767-282798c07898,,PendingOpen,,,0.0002023,0,False,19776.57,,10/27/2022 00:14:10,10/27/2022 00:14:10,01/01/0001 00:00:00,BTC-EUR,True,0,BTC,,,
ef17dab4-ef7f-4549-8c9f-c62f5f1cfb08,,PendingOpen,,,0.0002025,0,False,19755.95,,10/27/2022 00:14:10,10/27/2022 00:14:10,01/01/0001 00:00:00,BTC-EUR,True,0,BTC,,,
3741e435-b4c2-4023-b718-330c96812e31,,PendingOpen,,,0.0002027,0,False,19735.33,,10/27/2022 00:14:10,10/27/2022 00:14:10,01/01/0001 00:00:00,BTC-EUR,True,0,BTC,,,
c977fb24-243f-4a99-a055-bf81a885a929,,PendingOpen,,,0.0002029,0,False,19714.71,,10/27/2022 00:14:10,10/27/2022 00:14:10,01/01/0001 00:00:00,BTC-EUR,True,0,BTC,,,
528a0502-66c0-414e-8c18-fd27b8871867,,PendingOpen,,,0.0002031,0,False,19694.09,,10/27/2022 00:14:10,10/27/2022 00:14:10,01/01/0001 00:00:00,BTC-EUR,True,0,BTC,,,
b28f8a26-0b89-403d-a77d-682b87bb5c4e,,PendingOpen,,,0.0002033,0,False,19673.46,,10/27/2022 00:14:11,10/27/2022 00:14:11,01/01/0001 00:00:00,BTC-EUR,True,0,BTC,,,
22fb1528-0c2c-404a-bd69-6a6f52a60e73,,PendingOpen,,,0.0002035,0,False,19652.84,,10/27/2022 00:14:11,10/27/2022 00:14:11,01/01/0001 00:00:00,BTC-EUR,True,0,BTC,,,
9075eb12-4bbc-4518-bd03-20365c6b6d5c,,PendingOpen,,,0.0002037,0,False,19632.22,,10/27/2022 00:14:11,10/27/2022 00:14:11,01/01/0001 00:00:00,BTC-EUR,True,0,BTC,,,
d68a8fa4-85e4-48e2-8ead-62776400e9e1,,PendingOpen,,,0.000204,0,False,19611.6,,10/27/2022 00:14:11,10/27/2022 00:14:11,01/01/0001 00:00:00,BTC-EUR,True,0,BTC,,,
2799f851-9b68-43c0-b9fe-cacefb1ec877,,PendingOpen,,,0.0002042,0,False,19590.98,,10/27/2022 00:14:11,10/27/2022 00:14:11,01/01/0001 00:00:00,BTC-EUR,True,0,BTC,,,
ba33deb2-e920-4f2c-8c4f-5696f98fdbde,,PendingOpen,,,0.0002044,0,False,19570.35,,10/27/2022 00:14:11,10/27/2022 00:14:12,01/01/0001 00:00:00,BTC-EUR,True,0,BTC,,,
53ab9d53-7ddb-4213-a747-223b9a751932,,PendingOpen,,,0.0002046,0,False,19549.73,,10/27/2022 00:14:12,10/27/2022 00:14:12,01/01/0001 00:00:00,BTC-EUR,True,0,BTC,,,
96eb995c-9900-4239-8aaf-182fa6b21662,,PendingOpen,,,0.0002048,0,False,19529.11,,10/27/2022 00:14:12,10/27/2022 00:14:12,01/01/0001 00:00:00,BTC-EUR,True,0,BTC,,,
c662e91b-a9aa-499b-b01a-009f54ed7835,,PendingOpen,,,0.000205,0,False,19508.49,,10/27/2022 00:14:12,10/27/2022 00:14:12,01/01/0001 00:00:00,BTC-EUR,True,0,BTC,,,
27e50424-26b3-43a1-8a4f-c02a20639471,,PendingOpen,,,0.0002053,0,False,19487.87,,10/27/2022 00:14:12,10/27/2022 00:14:12,01/01/0001 00:00:00,BTC-EUR,True,0,BTC,,,
d327e754-478f-48c2-a57a-bcc451599558,,PendingOpen,,,0.0002055,0,False,19467.24,,10/27/2022 00:14:12,10/27/2022 00:14:12,01/01/0001 00:00:00,BTC-EUR,True,0,BTC,,,
347e5a0b-ea4c-4664-a451-b1ea97b51c5b,,PendingOpen,,,0.0002057,0,False,19446.62,,10/27/2022 00:14:13,10/27/2022 00:14:13,01/01/0001 00:00:00,BTC-EUR,True,0,BTC,,,
f0f6baf0-3818-4c7c-9bf6-faf9089ec6ea,,PendingOpen,,,0.0002059,0,False,19426,,10/27/2022 00:14:13,10/27/2022 00:14:13,01/01/0001 00:00:00,BTC-EUR,True,0,BTC,,,
791a052f-a5b3-4e8c-9dda-ff0509080889,,PendingOpen,,,0.0002061,0,False,19405.38,,10/27/2022 00:14:13,10/27/2022 00:14:13,01/01/0001 00:00:00,BTC-EUR,True,0,BTC,,,
2a223240-b030-472e-950b-153954e816fd,,PendingOpen,,,0.0002063,0,False,19384.76,,10/27/2022 00:14:13,10/27/2022 00:14:13,01/01/0001 00:00:00,BTC-EUR,True,0,BTC,,,
61e03150-e882-4425-963c-1d1339211f90,,PendingOpen,,,0.0002066,0,False,19364.13,,10/27/2022 00:14:13,10/27/2022 00:14:13,01/01/0001 00:00:00,BTC-EUR,True,0,BTC,,,
d582eccb-453d-46e8-95f1-80af4b3e6827,,PendingOpen,,,0.0002068,0,False,19343.51,,10/27/2022 00:14:13,10/27/2022 00:14:14,01/01/0001 00:00:00,BTC-EUR,True,0,BTC,,,
c587ac97-6424-4fde-a803-794bda7def99,,PendingOpen,,,0.000207,0,False,19322.89,,10/27/2022 00:14:14,10/27/2022 00:14:14,01/01/0001 00:00:00,BTC-EUR,True,0,BTC,,,
a1635fc3-fc2d-4d4e-b1e8-1bab18c3130f,,PendingOpen,,,0.0002072,0,False,19302.27,,10/27/2022 00:14:14,10/27/2022 00:14:14,01/01/0001 00:00:00,BTC-EUR,True,0,BTC,,,
38660d6b-0b9c-43d9-be99-3987b06edfc1,,PendingOpen,,,0.0002075,0,False,19281.64,,10/27/2022 00:14:14,10/27/2022 00:14:14,01/01/0001 00:00:00,BTC-EUR,True,0,BTC,,,
937bf6b9-3519-43ed-bb43-b3a0711dd1a4,,PendingOpen,,,0.0002077,0,False,19261.02,,10/27/2022 00:14:14,10/27/2022 00:14:14,01/01/0001 00:00:00,BTC-EUR,True,0,BTC,,,
97091cc8-290a-4869-b884-b0b74c3e80af,,PendingOpen,,,0.0002079,0,False,19240.4,,10/27/2022 00:14:15,10/27/2022 00:14:15,01/01/0001 00:00:00,BTC-EUR,True,0,BTC,,,
14f524ab-450b-4c69-be1c-cbd1740c695b,,PendingOpen,,,0.0002081,0,False,19219.78,,10/27/2022 00:14:15,10/27/2022 00:14:15,01/01/0001 00:00:00,BTC-EUR,True,0,BTC,,,
476767a6-37c4-4f57-9a1b-224dafca6c6a,,PendingOpen,,,0.0002553,0,False,21026.38,,10/27/2022 00:14:15,10/27/2022 00:14:15,01/01/0001 00:00:00,BTC-EUR,False,0,BTC,,,
0d24ddb7-6761-443f-966d-df942bc61c40,,PendingOpen,,,0.0002553,0,False,21047,,10/27/2022 00:14:15,10/27/2022 00:14:15,01/01/0001 00:00:00,BTC-EUR,False,0,BTC,,,
51ebb286-9ba1-432b-b762-67fc8735a647,,PendingOpen,,,0.0002553,0,False,21067.61,,10/27/2022 00:14:15,10/27/2022 00:14:15,01/01/0001 00:00:00,BTC-EUR,False,0,BTC,,,
3c7fa6ef-7ef8-45f4-ab67-8f24c3fac29c,,PendingOpen,,,0.0002553,0,False,21088.22,,10/27/2022 00:14:16,10/27/2022 00:14:16,01/01/0001 00:00:00,BTC-EUR,False,0,BTC,,,
62a1f4a2-95e3-4a6f-a032-f89ef77ab25a,,PendingOpen,,,0.0002553,0,False,21108.84,,10/27/2022 00:14:16,10/27/2022 00:14:16,01/01/0001 00:00:00,BTC-EUR,False,0,BTC,,,
a8d2dbca-1386-4c73-8314-b64ae4569e9a,,PendingOpen,,,0.0002553,0,False,21129.45,,10/27/2022 00:14:16,10/27/2022 00:14:16,01/01/0001 00:00:00,BTC-EUR,False,0,BTC,,,
8e7072f5-05bf-4efd-8219-ee098ddde4ee,,PendingOpen,,,0.0002553,0,False,21150.07,,10/27/2022 00:14:16,10/27/2022 00:14:16,01/01/0001 00:00:00,BTC-EUR,False,0,BTC,,,
4fb1232e-99b8-4bda-bffc-aafdbd8b9cf7,,PendingOpen,,,0.0002553,0,False,21170.68,,10/27/2022 00:14:16,10/27/2022 00:14:17,01/01/0001 00:00:00,BTC-EUR,False,0,BTC,,,
be8ff0d3-9f08-4e48-b0d9-fa31a204681e,,PendingOpen,,,0.0002553,0,False,21191.29,,10/27/2022 00:14:17,10/27/2022 00:14:17,01/01/0001 00:00:00,BTC-EUR,False,0,BTC,,,
9bcecb83-72fa-4066-83b4-0bb6039b4e2a,,PendingOpen,,,0.0002553,0,False,21211.91,,10/27/2022 00:14:17,10/27/2022 00:14:17,01/01/0001 00:00:00,BTC-EUR,False,0,BTC,,,
dbbf0406-d326-47f5-8e84-dd3768978375,,PendingOpen,,,0.0002553,0,False,21232.52,,10/27/2022 00:14:17,10/27/2022 00:14:17,01/01/0001 00:00:00,BTC-EUR,False,0,BTC,,,
107272b7-18fc-4a2e-8b95-c366a991a366,,PendingOpen,,,0.0002553,0,False,21253.14,,10/27/2022 00:14:17,10/27/2022 00:14:17,01/01/0001 00:00:00,BTC-EUR,False,0,BTC,,,
4baf67f3-8a32-4356-942d-4cd8ff2d5baa,,PendingOpen,,,0.0002553,0,False,21273.75,,10/27/2022 00:14:17,10/27/2022 00:14:17,01/01/0001 00:00:00,BTC-EUR,False,0,BTC,,,
8a3a8a59-ce63-4df8-939e-ee37d81f019f,,PendingOpen,,,0.0002553,0,False,21294.37,,10/27/2022 00:14:18,10/27/2022 00:14:18,01/01/0001 00:00:00,BTC-EUR,False,0,BTC,,,
441a5737-141e-4351-a9f2-808e9539498a,,PendingOpen,,,0.0002553,0,False,21314.98,,10/27/2022 00:14:18,10/27/2022 00:14:18,01/01/0001 00:00:00,BTC-EUR,False,0,BTC,,,
faf7e68c-3041-40a9-9662-0434455e504e,,PendingOpen,,,0.0002553,0,False,21335.59,,10/27/2022 00:14:18,10/27/2022 00:14:18,01/01/0001 00:00:00,BTC-EUR,False,0,BTC,,,
d4b0650a-b3c0-4139-8fc6-aef8229687fe,,PendingOpen,,,0.0002553,0,False,21356.21,,10/27/2022 00:14:18,10/27/2022 00:14:18,01/01/0001 00:00:00,BTC-EUR,False,0,BTC,,,
159296f5-f66a-4234-af67-31b53f071569,,PendingOpen,,,0.0002553,0,False,21376.82,,10/27/2022 00:14:18,10/27/2022 00:14:18,01/01/0001 00:00:00,BTC-EUR,False,0,BTC,,,
5b4bf777-8993-4049-822c-246c1aa52a20,,PendingOpen,,,0.0002553,0,False,21397.44,,10/27/2022 00:14:18,10/27/2022 00:14:19,01/01/0001 00:00:00,BTC-EUR,False,0,BTC,,,
7543023e-7c29-4d48-b7b9-47b6a87cb38d,,PendingOpen,,,0.0002553,0,False,21418.05,,10/27/2022 00:14:19,10/27/2022 00:14:19,01/01/0001 00:00:00,BTC-EUR,False,0,BTC,,,
cd70c932-6dcf-4be6-af96-146994872b6d,,PendingOpen,,,0.0002553,0,False,21438.66,,10/27/2022 00:14:19,10/27/2022 00:14:19,01/01/0001 00:00:00,BTC-EUR,False,0,BTC,,,
ccc152de-4e55-4a33-b318-3e6215dd231d,,PendingOpen,,,0.0002553,0,False,21459.28,,10/27/2022 00:14:19,10/27/2022 00:14:19,01/01/0001 00:00:00,BTC-EUR,False,0,BTC,,,
5881ce3f-c29b-40e6-b862-2070e3c379f5,,PendingOpen,,,0.0002553,0,False,21479.89,,10/27/2022 00:14:19,10/27/2022 00:14:19,01/01/0001 00:00:00,BTC-EUR,False,0,BTC,,,
b6c7c809-ab02-474f-aa40-dfc4a6d13dbd,,PendingOpen,,,0.0002553,0,False,21500.51,,10/27/2022 00:14:20,10/27/2022 00:14:20,01/01/0001 00:00:00,BTC-EUR,False,0,BTC,,,
4e0566fe-4a31-42cd-b3d3-94ff68015bbe,,PendingOpen,,,0.0002553,0,False,21521.12,,10/27/2022 00:14:20,10/27/2022 00:14:20,01/01/0001 00:00:00,BTC-EUR,False,0,BTC,,,
4ef9e796-24fb-4d39-9ad9-17135e53ed77,,PendingOpen,,,0.0002553,0,False,21541.73,,10/27/2022 00:14:20,10/27/2022 00:14:20,01/01/0001 00:00:00,BTC-EUR,False,0,BTC,,,
e3ccc1b0-d3dc-4778-8da3-ec10f100e78f,,PendingOpen,,,0.0002553,0,False,21562.35,,10/27/2022 00:14:20,10/27/2022 00:14:20,01/01/0001 00:00:00,BTC-EUR,False,0,BTC,,,
ce426fe6-9f5f-4fd8-9ca0-e76a3f28bf21,,PendingOpen,,,0.0002553,0,False,21582.96,,10/27/2022 00:14:20,10/27/2022 00:14:20,01/01/0001 00:00:00,BTC-EUR,False,0,BTC,,,
c7ec891d-d7ed-4588-99e4-920e06eae19d,,PendingOpen,,,0.0002553,0,False,21603.58,,10/27/2022 00:14:21,10/27/2022 00:14:21,01/01/0001 00:00:00,BTC-EUR,False,0,BTC,,,
9404f971-50a8-4859-86f7-1ac9af9feda6,,PendingOpen,,,0.0002553,0,False,21624.19,,10/27/2022 00:14:21,10/27/2022 00:14:21,01/01/0001 00:00:00,BTC-EUR,False,0,BTC,,,
08f284d0-e3d1-4f2a-b644-8a4f2ab223d5,,PendingOpen,,,0.0002553,0,False,21644.8,,10/27/2022 00:14:21,10/27/2022 00:14:21,01/01/0001 00:00:00,BTC-EUR,False,0,BTC,,,
aaaf9788-56c6-4311-b290-8045223871d1,,PendingOpen,,,0.0002553,0,False,21665.42,,10/27/2022 00:14:21,10/27/2022 00:14:21,01/01/0001 00:00:00,BTC-EUR,False,0,BTC,,,
da2f23e5-6f7b-41e9-944f-459bfe1e7917,,PendingOpen,,,0.0002553,0,False,21686.03,,10/27/2022 00:14:21,10/27/2022 00:14:21,01/01/0001 00:00:00,BTC-EUR,False,0,BTC,,,
619d9e94-d0b9-4c55-8fd0-4e51c161901d,,PendingOpen,,,0.0002553,0,False,21706.65,,10/27/2022 00:14:21,10/27/2022 00:14:21,01/01/0001 00:00:00,BTC-EUR,False,0,BTC,,,
efd1f80b-48c3-4ce9-8f6d-99d3c670dfad,,PendingOpen,,,0.0002553,0,False,21727.26,,10/27/2022 00:14:22,10/27/2022 00:14:22,01/01/0001 00:00:00,BTC-EUR,False,0,BTC,,,
839e7907-3a9f-4cfb-b592-5213e5179870,,PendingOpen,,,0.0002553,0,False,21747.88,,10/27/2022 00:14:22,10/27/2022 00:14:22,01/01/0001 00:00:00,BTC-EUR,False,0,BTC,,,
4aa21815-b32a-42ae-8799-365c64701b25,,PendingOpen,,,0.0002553,0,False,21768.49,,10/27/2022 00:14:22,10/27/2022 00:14:22,01/01/0001 00:00:00,BTC-EUR,False,0,BTC,,,
e382dd39-5508-4eef-9a24-05118c057fa7,,PendingOpen,,,0.0000815,0,False,20459.62,,10/27/2022 14:25:01,10/27/2022 14:25:01,01/01/0001 00:00:00,BTC-EUR,True,0,BTC,,,
edb792cc-8f70-4d09-8311-e94f069822d8,,PendingOpen,,,0.0000815,0,False,20439.02,,10/27/2022 14:25:01,10/27/2022 14:25:02,01/01/0001 00:00:00,BTC-EUR,True,0,BTC,,,
d180935b-a519-4c64-9257-558d7979f300,,PendingOpen,,,0.0000816,0,False,20418.42,,10/27/2022 14:25:02,10/27/2022 14:25:02,01/01/0001 00:00:00,BTC-EUR,True,0,BTC,,,
27fc1e15-9f05-424b-86ff-660b05ba97bd,,PendingOpen,,,0.0000817,0,False,20397.81,,10/27/2022 14:25:02,10/27/2022 14:25:02,01/01/0001 00:00:00,BTC-EUR,True,0,BTC,,,
6484b46b-6e0b-47fa-848a-06ac0840d4e0,,PendingOpen,,,0.0000818,0,False,20377.21,,10/27/2022 14:25:02,10/27/2022 14:25:02,01/01/0001 00:00:00,BTC-EUR,True,0,BTC,,,
6d0e22c6-36a7-46d1-acea-d2ba3cb7eca3,,PendingOpen,,,0.0000819,0,False,20356.6,,10/27/2022 14:25:02,10/27/2022 14:25:02,01/01/0001 00:00:00,BTC-EUR,True,0,BTC,,,
411dc286-e4ca-4c24-9f89-74fb9857d582,,PendingOpen,,,0.000082,0,False,20336,,10/27/2022 14:25:02,10/27/2022 14:25:03,01/01/0001 00:00:00,BTC-EUR,True,0,BTC,,,
ce7e73f3-a126-4c29-bd18-54a91985dcdb,,PendingOpen,,,0.000082,0,False,20315.4,,10/27/2022 14:25:03,10/27/2022 14:25:03,01/01/0001 00:00:00,BTC-EUR,True,0,BTC,,,
f1ae20c7-e9d9-44b9-a644-d4067c52285d,,PendingOpen,,,0.0000821,0,False,20294.79,,10/27/2022 14:25:03,10/27/2022 14:25:03,01/01/0001 00:00:00,BTC-EUR,True,0,BTC,,,
d188838f-bc09-4ecf-b9b5-d865f89cbd04,,PendingOpen,,,0.0000822,0,False,20274.19,,10/27/2022 14:25:03,10/27/2022 14:25:03,01/01/0001 00:00:00,BTC-EUR,True,0,BTC,,,
29682271-3788-4367-8989-33f33294dddc,,PendingOpen,,,0.0000823,0,False,20253.58,,10/27/2022 14:25:03,10/27/2022 14:25:03,01/01/0001 00:00:00,BTC-EUR,True,0,BTC,,,
9072b506-18e9-4af2-92fb-880cf47c8df9,,PendingOpen,,,0.0000824,0,False,20232.98,,10/27/2022 14:25:04,10/27/2022 14:25:04,01/01/0001 00:00:00,BTC-EUR,True,0,BTC,,,
137fe5ae-6e0e-49e7-ac2b-e3435dc0cfb2,,PendingOpen,,,0.0000825,0,False,20212.38,,10/27/2022 14:25:04,10/27/2022 14:25:04,01/01/0001 00:00:00,BTC-EUR,True,0,BTC,,,
bd490dfb-576b-40c3-ba5c-a6cc5825509e,,PendingOpen,,,0.0000825,0,False,20191.77,,10/27/2022 14:25:04,10/27/2022 14:25:05,01/01/0001 00:00:00,BTC-EUR,True,0,BTC,,,
4a2cbfae-868c-46c6-a9db-c9ddd44f0612,,PendingOpen,,,0.0000826,0,False,20171.17,,10/27/2022 14:25:05,10/27/2022 14:25:05,01/01/0001 00:00:00,BTC-EUR,True,0,BTC,,,
f0df7782-3719-488e-ba31-111653d9866f,,PendingOpen,,,0.0000827,0,False,20150.57,,10/27/2022 14:25:05,10/27/2022 14:25:05,01/01/0001 00:00:00,BTC-EUR,True,0,BTC,,,
29d99582-cf61-4ed4-ad34-c05482287848,,PendingOpen,,,0.0000828,0,False,20129.96,,10/27/2022 14:25:05,10/27/2022 14:25:05,01/01/0001 00:00:00,BTC-EUR,True,0,BTC,,,
f0abea81-d33f-418d-802d-42793e95fbe8,,PendingOpen,,,0.0000809,0,False,20742.65,,10/27/2022 14:25:05,10/27/2022 14:25:05,01/01/0001 00:00:00,BTC-EUR,False,0,BTC,,,
86f4af42-4a11-4c5b-a56d-eabbb5b82032,,PendingOpen,,,0.0000809,0,False,20763.25,,10/27/2022 14:25:05,10/27/2022 14:25:06,01/01/0001 00:00:00,BTC-EUR,False,0,BTC,,,
3f69b7b7-072b-4dd4-9ac4-ad4181097fc8,,PendingOpen,,,0.0000809,0,False,20783.85,,10/27/2022 14:25:06,10/27/2022 14:25:06,01/01/0001 00:00:00,BTC-EUR,False,0,BTC,,,
bdf6779c-8590-464a-bf1e-754ddd51ab7e,,PendingOpen,,,0.0000809,0,False,20804.44,,10/27/2022 14:25:06,10/27/2022 14:25:06,01/01/0001 00:00:00,BTC-EUR,False,0,BTC,,,
e957b543-b6c8-43f4-b80e-fd259778989f,,PendingOpen,,,0.0000809,0,False,20825.04,,10/27/2022 14:25:06,10/27/2022 14:25:06,01/01/0001 00:00:00,BTC-EUR,False,0,BTC,,,
3795d408-a050-4f71-93a6-4824a7f5eb2a,,PendingOpen,,,0.0000809,0,False,20845.64,,10/27/2022 14:25:06,10/27/2022 14:25:06,01/01/0001 00:00:00,BTC-EUR,False,0,BTC,,,
31fcec30-8132-40bb-a24c-70507c496814,,PendingOpen,,,0.0000809,0,False,20866.24,,10/27/2022 14:25:06,10/27/2022 14:25:07,01/01/0001 00:00:00,BTC-EUR,False,0,BTC,,,
276f6fd2-4176-48b1-b37a-c2d48392cbf2,,PendingOpen,,,0.0000809,0,False,20886.84,,10/27/2022 14:25:07,10/27/2022 14:25:07,01/01/0001 00:00:00,BTC-EUR,False,0,BTC,,,
2f8d9b66-8963-4170-ab93-e25673c4cd83,,PendingOpen,,,0.0000809,0,False,20907.44,,10/27/2022 14:25:07,10/27/2022 14:25:07,01/01/0001 00:00:00,BTC-EUR,False,0,BTC,,,
b9662c30-ff22-4336-bd69-ecf0e647f868,,PendingOpen,,,0.0000809,0,False,20928.04,,10/27/2022 14:25:07,10/27/2022 14:25:07,01/01/0001 00:00:00,BTC-EUR,False,0,BTC,,,
72638272-d0f1-41e8-94af-9d671bf68d84,,PendingOpen,,,0.0000809,0,False,20948.63,,10/27/2022 14:25:07,10/27/2022 14:25:07,01/01/0001 00:00:00,BTC-EUR,False,0,BTC,,,
8772f259-3863-41a5-9b1d-19db33d69f9b,,PendingOpen,,,0.0000809,0,False,20969.23,,10/27/2022 14:25:08,10/27/2022 14:25:08,01/01/0001 00:00:00,BTC-EUR,False,0,BTC,,,
6486c68b-e04e-40ed-bbb4-7a66a5fd7436,,PendingOpen,,,0.0000809,0,False,20989.83,,10/27/2022 14:25:08,10/27/2022 14:25:08,01/01/0001 00:00:00,BTC-EUR,False,0,BTC,,,
df22af4c-42b7-4579-a366-c4de719d0e2d,,PendingOpen,,,0.0000809,0,False,21010.43,,10/27/2022 14:25:08,10/27/2022 14:25:08,01/01/0001 00:00:00,BTC-EUR,False,0,BTC,,,
d40da143-6080-4d16-a019-792b5e0938bb,,PendingOpen,,,0.0000809,0,False,21031.03,,10/27/2022 14:25:08,10/27/2022 14:25:08,01/01/0001 00:00:00,BTC-EUR,False,0,BTC,,,
797af0bf-1701-415d-90d7-00f85c5c9425,,PendingOpen,,,0.0000809,0,False,21051.63,,10/27/2022 14:25:08,10/27/2022 14:25:08,01/01/0001 00:00:00,BTC-EUR,False,0,BTC,,,
e7b8a945-ba02-43e1-a30f-572b78d2c45b,,PendingOpen,,,0.0000809,0,False,21072.22,,10/27/2022 14:25:09,10/27/2022 14:25:09,01/01/0001 00:00:00,BTC-EUR,False,0,BTC,,,
91258689-7979-430d-bf64-200bf0de8b2e,,PendingOpen,,,0.0000809,0,False,20597.45,,10/27/2022 20:05:04,10/27/2022 20:05:04,01/01/0001 00:00:00,BTC-EUR,True,0,BTC,,,
e5fb9592-8929-4389-957a-e347a71aa0cf,,PendingOpen,,,0.0000815,0,False,20602.84,,10/27/2022 20:28:12,10/27/2022 20:28:12,01/01/0001 00:00:00,BTC-EUR,False,0,BTC,,,
1cbd2c26-5030-47d5-b091-91545cbc847d,,PendingOpen,,,0.0000815,0,False,20602.53,,10/27/2022 20:28:12,10/27/2022 20:28:12,01/01/0001 00:00:00,BTC-EUR,False,0,BTC,,,
c9818d52-0a57-4ac7-bb7f-dae2f53dcc6e,,PendingOpen,,,0.0000816,0,False,20602.19,,10/27/2022 20:28:12,10/27/2022 20:28:12,01/01/0001 00:00:00,BTC-EUR,False,0,BTC,,,
0ac417e9-be4c-4ce1-9602-9c2574e0ca7f,,PendingOpen,,,0.0000817,0,False,20601.79,,10/27/2022 20:28:12,10/27/2022 20:28:13,01/01/0001 00:00:00,BTC-EUR,False,0,BTC,,,
e4d70095-7c1b-4357-b43f-74c4baec0d3c,,PendingOpen,,,0.0000818,0,False,20601.36,,10/27/2022 20:28:13,10/27/2022 20:28:13,01/01/0001 00:00:00,BTC-EUR,False,0,BTC,,,
71f46b96-b1ce-4da9-9f23-09852b6dced7,,PendingOpen,,,0.0000819,0,False,20600.88,,10/27/2022 20:28:13,10/27/2022 20:28:13,01/01/0001 00:00:00,BTC-EUR,False,0,BTC,,,
61dfbf9a-9998-4c9e-ac69-4018939a525c,,PendingOpen,,,0.000082,0,False,20600.37,,10/27/2022 20:28:13,10/27/2022 20:28:13,01/01/0001 00:00:00,BTC-EUR,False,0,BTC,,,
162cb78d-b415-4b5d-a9de-27dc3abe9823,,PendingOpen,,,0.0000809,0,False,20741.63,,10/27/2022 20:28:13,10/27/2022 20:28:13,01/01/0001 00:00:00,BTC-EUR,False,0,BTC,,,
7be55840-60dc-47e0-a9d5-98c63d547dfc,,PendingOpen,,,0.000082,0,False,20599.82,,10/27/2022 22:41:49,10/27/2022 22:41:49,01/01/0001 00:00:00,BTC-EUR,False,0,BTC,,,
0a5fd2f2-f2cd-445b-adfd-f5d51ecd26fc,,PendingOpen,,,0.0000821,0,False,20599.21,,10/27/2022 22:41:49,10/27/2022 22:41:49,01/01/0001 00:00:00,BTC-EUR,False,0,BTC,,,
7736c7fa-7c38-4919-84eb-3735e447d2a9,,PendingOpen,,,0.0000822,0,False,20598.58,,10/27/2022 22:41:49,10/27/2022 22:41:49,01/01/0001 00:00:00,BTC-EUR,False,0,BTC,,,
078c8319-fec4-4d98-960c-75721f4d890e,,PendingOpen,,,0.0000823,0,False,20597.89,,10/28/2022 00:22:53,10/28/2022 00:22:53,01/01/0001 00:00:00,BTC-EUR,False,0,BTC,,,
a7173ddb-d642-46ce-8747-6ae4c9678bad,,PendingOpen,,,0.0000824,0,False,20597.17,,10/28/2022 00:22:54,10/28/2022 00:22:54,01/01/0001 00:00:00,BTC-EUR,False,0,BTC,,,
435ca09a-c0e9-45cd-93c6-aa473cb1be51,,PendingOpen,,,0.0001979,0,False,20613.83,,10/28/2022 10:47:12,10/28/2022 10:47:12,01/01/0001 00:00:00,BTC-EUR,False,0,BTC,,,
d4453ce7-4b35-4c40-bb60-9028c94758f9,,PendingOpen,,,0.0001981,0,False,20612.99,,10/28/2022 10:47:13,10/28/2022 10:47:13,01/01/0001 00:00:00,BTC-EUR,False,0,BTC,,,
e60abf15-d6a7-442f-a14f-cd73a8662212,,PendingOpen,,,0.0001983,0,False,20612.09,,10/28/2022 10:47:13,10/28/2022 10:47:13,01/01/0001 00:00:00,BTC-EUR,False,0,BTC,,,
7d2ae94b-7fe0-43fb-afe6-ece331e9594f,,PendingOpen,,,0.0000825,0,False,20596.42,,10/28/2022 10:47:13,10/28/2022 10:47:13,01/01/0001 00:00:00,BTC-EUR,False,0,BTC,,,
11357de6-4c97-464f-9cc4-c3a599b5e12c,,PendingOpen,,,0.0000825,0,False,20595.61,,10/28/2022 10:47:13,10/28/2022 10:47:13,01/01/0001 00:00:00,BTC-EUR,False,0,BTC,,,
9852b0b3-239a-4d7b-97b5-248302cd2822,,PendingOpen,,,0.0000826,0,False,20594.76,,10/28/2022 10:47:13,10/28/2022 10:47:13,01/01/0001 00:00:00,BTC-EUR,False,0,BTC,,,
9b752bf2-975e-4e66-957a-05ad93e96c46,,PendingOpen,,,0.0001985,0,False,20611.17,,10/28/2022 19:25:54,10/28/2022 19:25:55,01/01/0001 00:00:00,BTC-EUR,False,0,BTC,,,
29a726e6-d843-4a18-b486-68643746e6e7,,PendingOpen,,,0.0001987,0,False,20610.2,,10/28/2022 19:25:55,10/28/2022 19:25:55,01/01/0001 00:00:00,BTC-EUR,False,0,BTC,,,
19f02e2e-4253-4f83-b6fc-62cc5e379b7f,,PendingOpen,,,0.0000827,0,False,20593.88,,10/28/2022 19:25:55,10/28/2022 19:25:55,01/01/0001 00:00:00,BTC-EUR,False,0,BTC,,,
24a91fe6-4506-44f0-a260-8a78de558b6c,,PendingOpen,,,0.0000828,0,False,20592.95,,10/28/2022 19:25:55,10/28/2022 19:25:55,01/01/0001 00:00:00,BTC-EUR,False,0,BTC,,,
133b79fd-ca7c-4435-8263-46ba885774b4,,PendingOpen,,,0.0000809,0,False,20597.14,,10/28/2022 19:25:56,10/28/2022 19:25:56,01/01/0001 00:00:00,BTC-EUR,True,0,BTC,,,
ada86dd6-3d5d-46c3-85af-a3259955bbb3,,PendingOpen,,,0.0000809,0,False,20596.8,,10/28/2022 19:25:56,10/28/2022 19:25:56,01/01/0001 00:00:00,BTC-EUR,True,0,BTC,,,
099a05ab-8965-44c0-9b03-e714add8ac4a,,PendingOpen,,,0.0000809,0,False,20596.4,,10/28/2022 19:25:56,10/28/2022 19:25:56,01/01/0001 00:00:00,BTC-EUR,True,0,BTC,,,
cb85c307-a707-42b2-bfcc-145a7d569ddd,,PendingOpen,,,0.0000809,0,False,20595.96,,10/28/2022 19:25:56,10/28/2022 19:25:56,01/01/0001 00:00:00,BTC-EUR,True,0,BTC,,,
1e3e020e-3b4f-487e-8599-3918efbc2ceb,,PendingOpen,,,0.0000809,0,False,20595.49,,10/28/2022 19:25:56,10/28/2022 19:25:56,01/01/0001 00:00:00,BTC-EUR,True,0,BTC,,,
4e323003-1e25-4cc5-ad29-442071fc1060,,PendingOpen,,,0.0000809,0,False,20594.98,,10/28/2022 19:25:57,10/28/2022 19:25:57,01/01/0001 00:00:00,BTC-EUR,True,0,BTC,,,
b0682118-817a-498d-a08f-43174d57b126,,PendingOpen,,,0.0000815,0,False,20458.62,,10/28/2022 19:25:57,10/28/2022 19:25:57,01/01/0001 00:00:00,BTC-EUR,True,0,BTC,,,
022c1e20-60d7-4a51-adb7-341bdfb9e4b1,,PendingOpen,,,0.0000815,0,False,20437.71,,10/28/2022 19:25:57,10/28/2022 19:25:57,01/01/0001 00:00:00,BTC-EUR,True,0,BTC,,,
57e94e06-36ee-4174-b386-f4c01685b2af,,PendingOpen,,,0.0000816,0,False,20416.77,,10/28/2022 19:25:57,10/28/2022 19:25:57,01/01/0001 00:00:00,BTC-EUR,True,0,BTC,,,
dd43b979-e706-4b0e-8c65-4bf3aadb6979,,PendingOpen,,,0.0000817,0,False,20395.77,,10/28/2022 19:25:57,10/28/2022 19:25:57,01/01/0001 00:00:00,BTC-EUR,True,0,BTC,,,
b7476bbb-3d20-4ce4-b811-15be545092b9,,PendingOpen,,,0.0000818,0,False,20374.75,,10/28/2022 19:25:57,10/28/2022 19:25:58,01/01/0001 00:00:00,BTC-EUR,True,0,BTC,,,
17b903f3-ddbd-43e5-90ab-e6f9a9df33e3,,PendingOpen,,,0.0001986,0,False,20137.11,,10/28/2022 19:29:29,10/28/2022 19:29:30,01/01/0001 00:00:00,BTC-EUR,True,0,BTC,,,
168a4221-f63a-48ee-9c73-604af4f17985,,PendingOpen,,,0.0001989,0,False,20115.56,,10/28/2022 19:29:30,10/28/2022 19:29:30,01/01/0001 00:00:00,BTC-EUR,True,0,BTC,,,
6a4d29bd-4fc8-4506-8c4f-d25e3c05c874,,PendingOpen,,,0.0000828,0,False,20140.81,,10/28/2022 19:29:30,10/28/2022 19:29:30,01/01/0001 00:00:00,BTC-EUR,True,0,BTC,,,
112f1229-582e-4023-84b1-453e117ec02b,,PendingOpen,,,0.0000828,0,False,20119.31,,10/28/2022 19:29:30,10/28/2022 19:29:30,01/01/0001 00:00:00,BTC-EUR,True,0,BTC,,,
102d4162-e9f4-4fd9-b8ff-7877e392d5e7,,PendingOpen,,,5,0,False,0.3345,,10/28/2022 20:26:42,10/28/2022 20:26:42,01/01/0001 00:00:00,ALGO-EUR,True,0,ALGO,,,
ffb1e307-30bf-47b9-8435-c1f427cac048,,PendingOpen,,,5,0,False,0.3335,,10/28/2022 20:26:43,10/28/2022 20:26:43,01/01/0001 00:00:00,ALGO-EUR,True,0,ALGO,,,
2c9319d7-2a6f-4025-9d67-f6ba2614f2cc,,PendingOpen,,,5,0,False,0.3325,,10/28/2022 20:26:43,10/28/2022 20:26:43,01/01/0001 00:00:00,ALGO-EUR,True,0,ALGO,,,
eb1dcd8e-1634-4567-b0a0-e0fab9f2ecc9,,PendingOpen,,,5,0,False,0.3315,,10/28/2022 20:26:43,10/28/2022 20:26:43,01/01/0001 00:00:00,ALGO-EUR,True,0,ALGO,,,
9a072797-166c-4219-90e5-3e0e55407748,,PendingOpen,,,5,0,False,0.3305,,10/28/2022 20:26:44,10/28/2022 20:26:44,01/01/0001 00:00:00,ALGO-EUR,True,0,ALGO,,,
7eaff3af-1b17-4312-9be2-77d82a16caf2,,PendingOpen,,,5,0,False,0.3295,,10/28/2022 20:26:44,10/28/2022 20:26:44,01/01/0001 00:00:00,ALGO-EUR,True,0,ALGO,,,
d07051c8-a98c-416c-a7f9-7488fcae827a,,PendingOpen,,,5,0,False,0.3284,,10/28/2022 20:26:44,10/28/2022 20:26:44,01/01/0001 00:00:00,ALGO-EUR,True,0,ALGO,,,
72e96a08-9695-4aff-9d12-5521d34734ce,,PendingOpen,,,5,0,False,0.3274,,10/28/2022 20:26:44,10/28/2022 20:26:44,01/01/0001 00:00:00,ALGO-EUR,True,0,ALGO,,,
73da096f-63a7-4afc-90c6-773c3f2a6e74,,PendingOpen,,,5,0,False,0.3264,,10/28/2022 20:26:44,10/28/2022 20:26:44,01/01/0001 00:00:00,ALGO-EUR,True,0,ALGO,,,
7328fb2a-03e3-4980-98ef-1b26137abe5e,,PendingOpen,,,5,0,False,0.3254,,10/28/2022 20:26:45,10/28/2022 20:26:45,01/01/0001 00:00:00,ALGO-EUR,True,0,ALGO,,,
7cba9be3-d94a-46cb-a52e-493855e3f485,,PendingOpen,,,5,0,False,0.3244,,10/28/2022 20:26:45,10/28/2022 20:26:45,01/01/0001 00:00:00,ALGO-EUR,True,0,ALGO,,,
5f62ed5d-f7fd-4741-896e-533f4095db5f,,PendingOpen,,,5,0,False,0.3234,,10/28/2022 20:26:45,10/28/2022 20:26:45,01/01/0001 00:00:00,ALGO-EUR,True,0,ALGO,,,
6924085b-1996-43f1-bba6-99aaa333cc42,,PendingOpen,,,5,0,False,0.3224,,10/28/2022 20:26:45,10/28/2022 20:26:45,01/01/0001 00:00:00,ALGO-EUR,True,0,ALGO,,,
8731b208-2016-47a3-a50e-29b2bb57483e,,PendingOpen,,,5,0,False,0.3213,,10/28/2022 20:26:45,10/28/2022 20:26:45,01/01/0001 00:00:00,ALGO-EUR,True,0,ALGO,,,
2f69191a-b041-4973-8bb5-da27b3c46b8a,,PendingOpen,,,5,0,False,0.3203,,10/28/2022 20:26:46,10/28/2022 20:26:46,01/01/0001 00:00:00,ALGO-EUR,True,0,ALGO,,,
9cf4bf53-0971-45c7-b3eb-e2a60b21394d,,PendingOpen,,,5,0,False,0.3193,,10/28/2022 20:26:46,10/28/2022 20:26:46,01/01/0001 00:00:00,ALGO-EUR,True,0,ALGO,,,
0deb6322-5942-44a3-9590-9a91230ae5f7,,PendingOpen,,,5,0,False,0.3183,,10/28/2022 20:26:46,10/28/2022 20:26:46,01/01/0001 00:00:00,ALGO-EUR,True,0,ALGO,,,
f2d26dd5-d94e-4f19-84c8-1dc966bdb4ce,,PendingOpen,,,5,0,False,0.3173,,10/28/2022 20:26:46,10/28/2022 20:26:46,01/01/0001 00:00:00,ALGO-EUR,True,0,ALGO,,,
e8f11760-14e4-4a8a-b826-aa5db7fc830e,,PendingOpen,,,5,0,False,0.3163,,10/28/2022 20:26:46,10/28/2022 20:26:46,01/01/0001 00:00:00,ALGO-EUR,True,0,ALGO,,,
0527b8c7-3b1b-4240-92c8-96c331ba9730,,PendingOpen,,,5,0,False,0.3153,,10/28/2022 20:26:47,10/28/2022 20:26:47,01/01/0001 00:00:00,ALGO-EUR,True,0,ALGO,,,
c6a15e10-3d5f-4fe0-a13c-0960929f7da6,,PendingOpen,,,5,0,False,0.3142,,10/28/2022 20:26:47,10/28/2022 20:26:47,01/01/0001 00:00:00,ALGO-EUR,True,0,ALGO,,,
831f3324-1736-4360-b8e7-887e4a11934c,,PendingOpen,,,5,0,False,0.3132,,10/28/2022 20:26:47,10/28/2022 20:26:47,01/01/0001 00:00:00,ALGO-EUR,True,0,ALGO,,,
d9e60b1c-7574-4786-adb9-99bea94d4cc9,,PendingOpen,,,5,0,False,0.3122,,10/28/2022 20:26:47,10/28/2022 20:26:47,01/01/0001 00:00:00,ALGO-EUR,True,0,ALGO,,,
e44388c3-e231-4299-bde0-811a15d353ca,,PendingOpen,,,5,0,False,0.3112,,10/28/2022 20:26:47,10/28/2022 20:26:48,01/01/0001 00:00:00,ALGO-EUR,True,0,ALGO,,,
583d83ea-065c-4f33-b88a-50ef5c496817,,PendingOpen,,,5,0,False,0.3102,,10/28/2022 20:26:48,10/28/2022 20:26:48,01/01/0001 00:00:00,ALGO-EUR,True,0,ALGO,,,
b11989fc-3ef2-4012-8fbb-1f77b76d9528,,PendingOpen,,,5,0,False,0.3092,,10/28/2022 20:26:48,10/28/2022 20:26:48,01/01/0001 00:00:00,ALGO-EUR,True,0,ALGO,,,
6f4635db-8c16-41fc-b398-569d90d5cb89,,PendingOpen,,,5,0,False,0.3082,,10/28/2022 20:26:48,10/28/2022 20:26:48,01/01/0001 00:00:00,ALGO-EUR,True,0,ALGO,,,
267eefb1-4167-4aa1-b4dd-6b5250c34a6e,,PendingOpen,,,5,0,False,0.3072,,10/28/2022 20:26:48,10/28/2022 20:26:48,01/01/0001 00:00:00,ALGO-EUR,True,0,ALGO,,,
ba53bf80-a01d-48da-8d4e-972c1be81568,,PendingOpen,,,5,0,False,0.3061,,10/28/2022 20:26:49,10/28/2022 20:26:49,01/01/0001 00:00:00,ALGO-EUR,True,0,ALGO,,,
7e3bc3b5-d8f1-4578-b81b-e50a563a5fad,,PendingOpen,,,5,0,False,0.3051,,10/28/2022 20:26:49,10/28/2022 20:26:49,01/01/0001 00:00:00,ALGO-EUR,True,0,ALGO,,,
50e50a9f-af88-4416-a0ed-8564f750f7a4,,PendingOpen,,,5,0,False,0.3041,,10/28/2022 20:26:49,10/28/2022 20:26:49,01/01/0001 00:00:00,ALGO-EUR,True,0,ALGO,,,
6099d70d-0733-4021-b122-44e8454ef81f,,PendingOpen,,,5,0,False,0.3031,,10/28/2022 20:26:49,10/28/2022 20:26:49,01/01/0001 00:00:00,ALGO-EUR,True,0,ALGO,,,
d8aa638b-75ff-4973-86a8-d281f27e02d0,,PendingOpen,,,5,0,False,0.3021,,10/28/2022 20:26:49,10/28/2022 20:26:50,01/01/0001 00:00:00,ALGO-EUR,True,0,ALGO,,,
fb14537f-48cc-42f0-940d-eadd05f70922,,PendingOpen,,,5,0,False,0.3011,,10/28/2022 20:26:50,10/28/2022 20:26:50,01/01/0001 00:00:00,ALGO-EUR,True,0,ALGO,,,
935a879d-a301-4262-b86d-c9ef8692ada2,,PendingOpen,,,5,0,False,0.3001,,10/28/2022 20:26:50,10/28/2022 20:26:50,01/01/0001 00:00:00,ALGO-EUR,True,0,ALGO,,,
39e6559b-957c-4209-9082-21741af65755,,PendingOpen,,,5,0,False,0.299,,10/28/2022 20:26:50,10/28/2022 20:26:50,01/01/0001 00:00:00,ALGO-EUR,True,0,ALGO,,,
a1f7a089-c5dd-4de4-9c23-689c069d30ac,,PendingOpen,,,5,0,False,0.298,,10/28/2022 20:26:50,10/28/2022 20:26:50,01/01/0001 00:00:00,ALGO-EUR,True,0,ALGO,,,
b7d22871-93d1-4ca7-a329-b97b17f6b44a,,PendingOpen,,,5,0,False,0.297,,10/28/2022 20:26:50,10/28/2022 20:26:51,01/01/0001 00:00:00,ALGO-EUR,True,0,ALGO,,,
3d166023-6590-4770-8e97-660107e74a46,,PendingOpen,,,5,0,False,0.296,,10/28/2022 20:26:51,10/28/2022 20:26:51,01/01/0001 00:00:00,ALGO-EUR,True,0,ALGO,,,
814225a4-9df4-4fdc-af6c-4a28ab7f5cef,,PendingOpen,,,5,0,False,0.295,,10/28/2022 20:26:51,10/28/2022 20:26:51,01/01/0001 00:00:00,ALGO-EUR,True,0,ALGO,,,
5668256a-39bd-43ca-b904-34c9cdb089ea,,PendingOpen,,,5,0,False,0.294,,10/28/2022 20:26:51,10/28/2022 20:26:51,01/01/0001 00:00:00,ALGO-EUR,True,0,ALGO,,,
a83b9b28-3ac3-447b-be36-c47c69254da5,,PendingOpen,,,6,0,False,0.293,,10/28/2022 20:26:51,10/28/2022 20:26:51,01/01/0001 00:00:00,ALGO-EUR,True,0,ALGO,,,
212e6b5b-4f07-4b4b-8ac9-dd95b21934f9,,PendingOpen,,,6,0,False,0.2919,,10/28/2022 20:26:51,10/28/2022 20:26:52,01/01/0001 00:00:00,ALGO-EUR,True,0,ALGO,,,
417e9050-d437-47d6-a67b-cd5626677f44,,PendingOpen,,,5,0,False,0.341,,10/28/2022 20:26:52,10/28/2022 20:26:52,01/01/0001 00:00:00,ALGO-EUR,False,0,ALGO,,,
a8c7c0e3-9b68-4850-8c52-745023e8d643,,PendingOpen,,,5,0,False,0.342,,10/28/2022 20:26:52,10/28/2022 20:26:52,01/01/0001 00:00:00,ALGO-EUR,False,0,ALGO,,,
b41a2a25-c4f6-42dd-825c-9ba4ed263876,,PendingOpen,,,5,0,False,0.343,,10/28/2022 20:26:52,10/28/2022 20:26:52,01/01/0001 00:00:00,ALGO-EUR,False,0,ALGO,,,
4e92615a-5ba3-4631-9991-039497b627ed,,PendingOpen,,,5,0,False,0.344,,10/28/2022 20:26:52,10/28/2022 20:26:52,01/01/0001 00:00:00,ALGO-EUR,False,0,ALGO,,,
d231e582-a89b-4951-ad70-337ab53fa699,,PendingOpen,,,5,0,False,0.345,,10/28/2022 20:26:52,10/28/2022 20:26:52,01/01/0001 00:00:00,ALGO-EUR,False,0,ALGO,,,
38db0599-fc6d-4d06-9cec-b986706cbcf0,,PendingOpen,,,5,0,False,0.346,,10/28/2022 20:26:53,10/28/2022 20:26:53,01/01/0001 00:00:00,ALGO-EUR,False,0,ALGO,,,
8f1158ab-15ab-497e-aeea-bfc63dc16688,,PendingOpen,,,5,0,False,0.3471,,10/28/2022 20:26:53,10/28/2022 20:26:53,01/01/0001 00:00:00,ALGO-EUR,False,0,ALGO,,,
a743b25c-3e8a-4f54-81f1-64ba0d870896,,PendingOpen,,,5,0,False,0.3481,,10/28/2022 20:26:53,10/28/2022 20:26:53,01/01/0001 00:00:00,ALGO-EUR,False,0,ALGO,,,
dd59717c-49df-4c95-93b8-68b6e6e41c0e,,PendingOpen,,,5,0,False,0.3491,,10/28/2022 20:26:53,10/28/2022 20:26:53,01/01/0001 00:00:00,ALGO-EUR,False,0,ALGO,,,
0a9c7b1e-395e-4223-9e5c-af2f5bcff986,,PendingOpen,,,5,0,False,0.3501,,10/28/2022 20:26:53,10/28/2022 20:26:54,01/01/0001 00:00:00,ALGO-EUR,False,0,ALGO,,,
5174ae38-3663-4c7b-aacd-a0e0a71bcb5e,,PendingOpen,,,5,0,False,0.3511,,10/28/2022 20:26:54,10/28/2022 20:26:54,01/01/0001 00:00:00,ALGO-EUR,False,0,ALGO,,,
594f5ad2-2092-425d-849d-534a764016cb,,PendingOpen,,,5,0,False,0.3521,,10/28/2022 20:26:54,10/28/2022 20:26:54,01/01/0001 00:00:00,ALGO-EUR,False,0,ALGO,,,
8dcfebea-c309-4bf9-9ab1-587f99f2aff2,,PendingOpen,,,5,0,False,0.3531,,10/28/2022 20:26:54,10/28/2022 20:26:54,01/01/0001 00:00:00,ALGO-EUR,False,0,ALGO,,,
54233a27-7649-421d-a6f7-bfe368547544,,PendingOpen,,,5,0,False,0.3541,,10/28/2022 20:26:54,10/28/2022 20:26:55,01/01/0001 00:00:00,ALGO-EUR,False,0,ALGO,,,
53ebb891-6fba-4e0e-9fb1-d654d9f2a37f,,PendingOpen,,,5,0,False,0.3552,,10/28/2022 20:26:55,10/28/2022 20:26:55,01/01/0001 00:00:00,ALGO-EUR,False,0,ALGO,,,
731c4745-9e85-4101-b409-bcf1ca297972,,PendingOpen,,,5,0,False,0.3562,,10/28/2022 20:26:55,10/28/2022 20:26:55,01/01/0001 00:00:00,ALGO-EUR,False,0,ALGO,,,
1c79396c-bf0a-4495-89e7-352a4444e2c8,,PendingOpen,,,5,0,False,0.3572,,10/28/2022 20:26:55,10/28/2022 20:26:55,01/01/0001 00:00:00,ALGO-EUR,False,0,ALGO,,,
1af5ee00-19a0-46f4-b74c-7a6c85b8b7f4,,PendingOpen,,,5,0,False,0.3582,,10/28/2022 20:26:55,10/28/2022 20:26:55,01/01/0001 00:00:00,ALGO-EUR,False,0,ALGO,,,
fe76805f-f7fe-4ca3-9dee-c1fa8643c22c,,PendingOpen,,,5,0,False,0.3592,,10/28/2022 20:26:56,10/28/2022 20:26:56,01/01/0001 00:00:00,ALGO-EUR,False,0,ALGO,,,
914f4544-136a-4f43-98df-9733d9a63cc9,,PendingOpen,,,5,0,False,0.3602,,10/28/2022 20:26:56,10/28/2022 20:26:56,01/01/0001 00:00:00,ALGO-EUR,False,0,ALGO,,,
5fea277b-8a52-4253-9c35-bf208e6f1556,,PendingOpen,,,5,0,False,0.3612,,10/28/2022 20:26:56,10/28/2022 20:26:56,01/01/0001 00:00:00,ALGO-EUR,False,0,ALGO,,,
e7b8206c-c91b-4eab-a2d2-adb90429c788,,PendingOpen,,,5,0,False,0.3622,,10/28/2022 20:26:56,10/28/2022 20:26:56,01/01/0001 00:00:00,ALGO-EUR,False,0,ALGO,,,
e3c403b0-158c-4738-8e03-214c39d9fe18,,PendingOpen,,,5,0,False,0.3633,,10/28/2022 20:26:56,10/28/2022 20:26:56,01/01/0001 00:00:00,ALGO-EUR,False,0,ALGO,,,
673aac6d-5757-4c6e-ab43-a0ca27bf9cae,,PendingOpen,,,5,0,False,0.3643,,10/28/2022 20:26:56,10/28/2022 20:26:57,01/01/0001 00:00:00,ALGO-EUR,False,0,ALGO,,,
72e237c2-1fdf-4999-90c9-0838af125d20,,PendingOpen,,,5,0,False,0.3653,,10/28/2022 20:26:57,10/28/2022 20:26:57,01/01/0001 00:00:00,ALGO-EUR,False,0,ALGO,,,
912a71bf-1a75-4e04-ab2c-9a264e5db4fa,,PendingOpen,,,5,0,False,0.3663,,10/28/2022 20:26:57,10/28/2022 20:26:57,01/01/0001 00:00:00,ALGO-EUR,False,0,ALGO,,,
df5b4429-dcbf-4f26-b6e1-1c12bbea1ed1,,PendingOpen,,,5,0,False,0.3673,,10/28/2022 20:26:57,10/28/2022 20:26:57,01/01/0001 00:00:00,ALGO-EUR,False,0,ALGO,,,
40fcf8d5-9cf0-4ec6-8a44-e7941dabc67d,,PendingOpen,,,5,0,False,0.3683,,10/28/2022 20:26:57,10/28/2022 20:26:57,01/01/0001 00:00:00,ALGO-EUR,False,0,ALGO,,,
3931977d-0e7a-4d95-bb11-18066882d8c2,,PendingOpen,,,5,0,False,0.3693,,10/28/2022 20:26:57,10/28/2022 20:26:57,01/01/0001 00:00:00,ALGO-EUR,False,0,ALGO,,,
2aaae36f-f888-43be-891d-966a8e1fef4e,,PendingOpen,,,5,0,False,0.3703,,10/28/2022 20:26:58,10/28/2022 20:26:58,01/01/0001 00:00:00,ALGO-EUR,False,0,ALGO,,,
ec2ecc85-a029-48f2-8e75-65c55962d5b1,,PendingOpen,,,5,0,False,0.3714,,10/28/2022 20:26:58,10/28/2022 20:26:58,01/01/0001 00:00:00,ALGO-EUR,False,0,ALGO,,,
abb294f1-2319-4e17-bf8c-3add46a22ac7,,PendingOpen,,,5,0,False,0.3724,,10/28/2022 20:26:58,10/28/2022 20:26:58,01/01/0001 00:00:00,ALGO-EUR,False,0,ALGO,,,
02b2fdc2-07d4-4d7b-b8ac-6145e2d1f8e4,,PendingOpen,,,5,0,False,0.3734,,10/28/2022 20:26:58,10/28/2022 20:26:58,01/01/0001 00:00:00,ALGO-EUR,False,0,ALGO,,,
1f598820-0c27-4ec9-9a8d-d9c902de2790,,PendingOpen,,,5,0,False,0.3744,,10/28/2022 20:26:58,10/28/2022 20:26:58,01/01/0001 00:00:00,ALGO-EUR,False,0,ALGO,,,
9636ba2f-08ba-4998-8833-5f5adf3dc84d,,PendingOpen,,,5,0,False,0.3754,,10/28/2022 20:26:59,10/28/2022 20:26:59,01/01/0001 00:00:00,ALGO-EUR,False,0,ALGO,,,
557ecdd4-ebb0-436d-b5e2-94134eea195f,,PendingOpen,,,5,0,False,0.3764,,10/28/2022 20:26:59,10/28/2022 20:26:59,01/01/0001 00:00:00,ALGO-EUR,False,0,ALGO,,,
dfac7f8c-3439-4d4f-b36e-f5938f5568b1,,PendingOpen,,,5,0,False,0.3774,,10/28/2022 20:26:59,10/28/2022 20:26:59,01/01/0001 00:00:00,ALGO-EUR,False,0,ALGO,,,
f8ac3f44-286a-4058-a1f2-39d04b53cf3c,,PendingOpen,,,5,0,False,0.3784,,10/28/2022 20:26:59,10/28/2022 20:26:59,01/01/0001 00:00:00,ALGO-EUR,False,0,ALGO,,,
556265dd-df7e-4f6a-8a4a-4ed94ebd0cb2,,PendingOpen,,,5,0,False,0.3795,,10/28/2022 20:26:59,10/28/2022 20:26:59,01/01/0001 00:00:00,ALGO-EUR,False,0,ALGO,,,
b2e5db60-fe6a-46d1-83a3-a98210f7b3f8,,PendingOpen,,,5,0,False,0.3805,,10/28/2022 20:27:00,10/28/2022 20:27:00,01/01/0001 00:00:00,ALGO-EUR,False,0,ALGO,,,
6f191b0b-ee80-45a8-b8b9-580e0e6ba2a2,,PendingOpen,,,5,0,False,0.3815,,10/28/2022 20:27:00,10/28/2022 20:27:00,01/01/0001 00:00:00,ALGO-EUR,False,0,ALGO,,,
90d04f7d-ba90-4b3a-8550-c6cb7ff9516e,,PendingOpen,,,5,0,False,0.3825,,10/28/2022 20:27:00,10/28/2022 20:27:00,01/01/0001 00:00:00,ALGO-EUR,False,0,ALGO,,,
d52a6bd7-d5cc-4813-a7fb-889f07d69f21,,PendingOpen,,,5,0,False,0.3835,,10/28/2022 20:27:00,10/28/2022 20:27:00,01/01/0001 00:00:00,ALGO-EUR,False,0,ALGO,,,
e4371890-ce7a-477c-ac6b-92247a78c3d7,,PendingOpen,,,0.002227,0,False,1554.51,,10/28/2022 20:32:24,10/28/2022 20:32:24,01/01/0001 00:00:00,ETH-EUR,True,0,ETH,,,
287c9ff7-97ac-461b-b911-2b858a7f1dcf,,PendingOpen,,,0.002234,0,False,1549.8,,10/28/2022 20:32:24,10/28/2022 20:32:24,01/01/0001 00:00:00,ETH-EUR,True,0,ETH,,,
c27a4434-caa9-4241-9c4f-83b93f4dfdc9,,PendingOpen,,,0.00224,0,False,1545.09,,10/28/2022 20:32:24,10/28/2022 20:32:24,01/01/0001 00:00:00,ETH-EUR,True,0,ETH,,,
73e27c7b-3b92-4f4d-928f-9ec59256fb3e,,PendingOpen,,,0.002247,0,False,1540.38,,10/28/2022 20:32:25,10/28/2022 20:32:25,01/01/0001 00:00:00,ETH-EUR,True,0,ETH,,,
b8bd098b-15db-4d19-a7d6-2d02827b9a99,,PendingOpen,,,0.002254,0,False,1535.67,,10/28/2022 20:32:25,10/28/2022 20:32:25,01/01/0001 00:00:00,ETH-EUR,True,0,ETH,,,
44bc59a1-4d01-4e03-9dd7-bd2a6cc2f93a,,PendingOpen,,,0.002261,0,False,1530.95,,10/28/2022 20:32:25,10/28/2022 20:32:25,01/01/0001 00:00:00,ETH-EUR,True,0,ETH,,,
d7eaba2c-f468-4a27-9b9f-d6aa350c6210,,PendingOpen,,,0.002268,0,False,1526.24,,10/28/2022 20:32:26,10/28/2022 20:32:26,01/01/0001 00:00:00,ETH-EUR,True,0,ETH,,,
dea27a0e-8780-44e0-bef9-0f616532e227,,PendingOpen,,,0.002275,0,False,1521.53,,10/28/2022 20:32:26,10/28/2022 20:32:26,01/01/0001 00:00:00,ETH-EUR,True,0,ETH,,,
0e113a28-77d7-47ec-9a1d-8ac14fac9b67,,PendingOpen,,,0.002282,0,False,1516.82,,10/28/2022 20:32:26,10/28/2022 20:32:26,01/01/0001 00:00:00,ETH-EUR,True,0,ETH,,,
c595787e-cbef-44b0-b734-57cf3a79bf09,,PendingOpen,,,0.002289,0,False,1512.11,,10/28/2022 20:32:26,10/28/2022 20:32:26,01/01/0001 00:00:00,ETH-EUR,True,0,ETH,,,
4481e1e9-f488-4e04-bd83-48ecf0871142,,PendingOpen,,,0.002296,0,False,1507.4,,10/28/2022 20:32:26,10/28/2022 20:32:27,01/01/0001 00:00:00,ETH-EUR,True,0,ETH,,,
f64a7cb3-be83-4912-9bc7-2dadbaf07cf9,,PendingOpen,,,0.002304,0,False,1502.69,,10/28/2022 20:32:27,10/28/2022 20:32:27,01/01/0001 00:00:00,ETH-EUR,True,0,ETH,,,
f23f8e35-0a1c-482c-a30d-0dd96a81e879,,PendingOpen,,,0.002311,0,False,1497.98,,10/28/2022 20:32:27,10/28/2022 20:32:27,01/01/0001 00:00:00,ETH-EUR,True,0,ETH,,,
a1a43922-66aa-4448-97f5-af73036d2542,,PendingOpen,,,0.002318,0,False,1493.27,,10/28/2022 20:32:27,10/28/2022 20:32:27,01/01/0001 00:00:00,ETH-EUR,True,0,ETH,,,
b1d52ae9-7b0f-455a-ae9a-ffa52d03c794,,PendingOpen,,,0.002325,0,False,1488.56,,10/28/2022 20:32:27,10/28/2022 20:32:27,01/01/0001 00:00:00,ETH-EUR,True,0,ETH,,,
9f15c132-43dd-4995-8291-f18449a0c208,,PendingOpen,,,0.002333,0,False,1483.85,,10/28/2022 20:32:28,10/28/2022 20:32:28,01/01/0001 00:00:00,ETH-EUR,True,0,ETH,,,
617f72ed-da42-4e6a-b69b-ccc16bdfd471,,PendingOpen,,,0.00234,0,False,1479.14,,10/28/2022 20:32:28,10/28/2022 20:32:28,01/01/0001 00:00:00,ETH-EUR,True,0,ETH,,,
8eb78630-a388-4bc2-9a28-55d2bf44b228,,PendingOpen,,,0.002348,0,False,1474.43,,10/28/2022 20:32:28,10/28/2022 20:32:28,01/01/0001 00:00:00,ETH-EUR,True,0,ETH,,,
87a70c88-97b0-45f7-aecd-bbf43236c744,,PendingOpen,,,0.002355,0,False,1469.72,,10/28/2022 20:32:28,10/28/2022 20:32:28,01/01/0001 00:00:00,ETH-EUR,True,0,ETH,,,
de2ced26-812d-4224-8070-c8609b2a4dd2,,PendingOpen,,,0.002363,0,False,1465.01,,10/28/2022 20:32:29,10/28/2022 20:32:29,01/01/0001 00:00:00,ETH-EUR,True,0,ETH,,,
949710d0-6e55-4d5e-bbd8-6c15c024a8f2,,PendingOpen,,,0.00237,0,False,1460.3,,10/28/2022 20:32:29,10/28/2022 20:32:29,01/01/0001 00:00:00,ETH-EUR,True,0,ETH,,,
60281b68-d0d2-47cc-87ee-3cddc327c755,,PendingOpen,,,0.002378,0,False,1455.58,,10/28/2022 20:32:29,10/28/2022 20:32:29,01/01/0001 00:00:00,ETH-EUR,True,0,ETH,,,
24f256c0-4c34-4dd2-abed-83433c953fd4,,PendingOpen,,,0.002386,0,False,1450.87,,10/28/2022 20:32:29,10/28/2022 20:32:29,01/01/0001 00:00:00,ETH-EUR,True,0,ETH,,,
6132f140-0a9f-40ac-be0b-e49c09684798,,PendingOpen,,,0.002394,0,False,1446.16,,10/28/2022 20:32:30,10/28/2022 20:32:30,01/01/0001 00:00:00,ETH-EUR,True,0,ETH,,,
5d540065-6971-4d7a-9f43-6fa0d2af5d30,,PendingOpen,,,0.002401,0,False,1441.45,,10/28/2022 20:32:30,10/28/2022 20:32:30,01/01/0001 00:00:00,ETH-EUR,True,0,ETH,,,
085bc9ac-4232-4380-b14a-9b0dc911a9ac,,PendingOpen,,,0.002409,0,False,1436.74,,10/28/2022 20:32:30,10/28/2022 20:32:30,01/01/0001 00:00:00,ETH-EUR,True,0,ETH,,,
f0c71c2a-f7a6-4898-b92f-c8de2e2838d5,,PendingOpen,,,0.002417,0,False,1432.03,,10/28/2022 20:32:30,10/28/2022 20:32:30,01/01/0001 00:00:00,ETH-EUR,True,0,ETH,,,
e45a88f6-4b79-4dc9-a6d4-acb62122793d,,PendingOpen,,,0.002425,0,False,1427.32,,10/28/2022 20:32:30,10/28/2022 20:32:30,01/01/0001 00:00:00,ETH-EUR,True,0,ETH,,,
2c9f3970-6f05-46ee-b9cd-a001c1dbf06f,,PendingOpen,,,0.002433,0,False,1422.61,,10/28/2022 20:32:31,10/28/2022 20:32:31,01/01/0001 00:00:00,ETH-EUR,True,0,ETH,,,
18e03be1-215c-4243-bbf7-ff39feacb431,,PendingOpen,,,0.002441,0,False,1417.9,,10/28/2022 20:32:31,10/28/2022 20:32:31,01/01/0001 00:00:00,ETH-EUR,True,0,ETH,,,
928b32f4-e0b5-4ee6-95e6-4d285c462e32,,PendingOpen,,,0.002449,0,False,1413.19,,10/28/2022 20:32:31,10/28/2022 20:32:31,01/01/0001 00:00:00,ETH-EUR,True,0,ETH,,,
2db86d48-8468-4d8c-934b-e2830b53dc6a,,PendingOpen,,,0.002458,0,False,1408.48,,10/28/2022 20:32:31,10/28/2022 20:32:31,01/01/0001 00:00:00,ETH-EUR,True,0,ETH,,,
178a719c-0fb6-49fe-8d28-32988c6e29a6,,PendingOpen,,,0.002466,0,False,1403.77,,10/28/2022 20:32:32,10/28/2022 20:32:32,01/01/0001 00:00:00,ETH-EUR,True,0,ETH,,,
93007eab-e88e-421b-a7c7-507135e229dc,,PendingOpen,,,0.002474,0,False,1399.06,,10/28/2022 20:32:32,10/28/2022 20:32:32,01/01/0001 00:00:00,ETH-EUR,True,0,ETH,,,
ddc17d9c-2e81-4f71-8d7b-0f93c5ef68cb,,PendingOpen,,,0.002483,0,False,1394.35,,10/28/2022 20:32:32,10/28/2022 20:32:32,01/01/0001 00:00:00,ETH-EUR,True,0,ETH,,,
86ed2e48-a37c-45b3-b686-6c26ed139db2,,PendingOpen,,,0.002491,0,False,1389.64,,10/28/2022 20:32:32,10/28/2022 20:32:32,01/01/0001 00:00:00,ETH-EUR,True,0,ETH,,,
927a3b48-04a5-4899-9374-8b5001fcc82b,,PendingOpen,,,0.002499,0,False,1384.93,,10/28/2022 20:32:32,10/28/2022 20:32:32,01/01/0001 00:00:00,ETH-EUR,True,0,ETH,,,
c8e6e0d6-ba7e-48d8-ac16-3f5f3a7e11c2,,PendingOpen,,,0.002508,0,False,1380.21,,10/28/2022 20:32:33,10/28/2022 20:32:33,01/01/0001 00:00:00,ETH-EUR,True,0,ETH,,,
a942dc94-f480-4873-b177-363430e98c12,,PendingOpen,,,0.002517,0,False,1375.5,,10/28/2022 20:32:33,10/28/2022 20:32:33,01/01/0001 00:00:00,ETH-EUR,True,0,ETH,,,
3c274d2b-5300-49d2-aa20-756c9d9a38d7,,PendingOpen,,,0.002525,0,False,1370.79,,10/28/2022 20:32:33,10/28/2022 20:32:33,01/01/0001 00:00:00,ETH-EUR,True,0,ETH,,,
0b79d86c-6683-45bd-b512-f6c85c4711df,,PendingOpen,,,0.002534,0,False,1366.08,,10/28/2022 20:32:33,10/28/2022 20:32:33,01/01/0001 00:00:00,ETH-EUR,True,0,ETH,,,
bcf00f7d-60fb-44a6-b39a-a85c6d543c30,,PendingOpen,,,0.002543,0,False,1361.37,,10/28/2022 20:32:34,10/28/2022 20:32:34,01/01/0001 00:00:00,ETH-EUR,True,0,ETH,,,
1e9b360a-0e8e-43d4-acbd-648041221d3e,,PendingOpen,,,0.002765,0,False,1582.64,,10/28/2022 20:37:20,10/28/2022 20:37:20,01/01/0001 00:00:00,ETH-EUR,False,0,ETH,,,
419de4eb-fc5d-48ff-99aa-9f3e1269a78d,,PendingOpen,,,0.002765,0,False,1587.34,,10/28/2022 20:37:20,10/28/2022 20:37:20,01/01/0001 00:00:00,ETH-EUR,False,0,ETH,,,
1e06374f-6d03-45d4-9358-ef63124b981e,,PendingOpen,,,0.002765,0,False,1592.04,,10/28/2022 20:37:20,10/28/2022 20:37:21,01/01/0001 00:00:00,ETH-EUR,False,0,ETH,,,
cdb796af-a3f6-43df-94c0-e4f1bac42c63,,PendingOpen,,,0.002765,0,False,1596.74,,10/28/2022 20:37:21,10/28/2022 20:37:21,01/01/0001 00:00:00,ETH-EUR,False,0,ETH,,,
159178e9-bf0b-4087-bbb1-b26b91668a95,,PendingOpen,,,0.002765,0,False,1601.44,,10/28/2022 20:37:21,10/28/2022 20:37:21,01/01/0001 00:00:00,ETH-EUR,False,0,ETH,,,
0d5171cf-3504-408e-be9b-540148cc6b23,,PendingOpen,,,0.002765,0,False,1606.14,,10/28/2022 20:37:21,10/28/2022 20:37:21,01/01/0001 00:00:00,ETH-EUR,False,0,ETH,,,
442def9e-0c5e-4a99-9d2f-c89490ba1eaf,,PendingOpen,,,0.002765,0,False,1610.85,,10/28/2022 20:37:21,10/28/2022 20:37:21,01/01/0001 00:00:00,ETH-EUR,False,0,ETH,,,
82f2eea0-3e26-4f9b-bf96-39ed1d0a5b20,,PendingOpen,,,0.002765,0,False,1615.55,,10/28/2022 20:37:21,10/28/2022 20:37:22,01/01/0001 00:00:00,ETH-EUR,False,0,ETH,,,
913934d9-9bce-4011-87d9-96123855069f,,PendingOpen,,,0.002765,0,False,1620.25,,10/28/2022 20:37:22,10/28/2022 20:37:22,01/01/0001 00:00:00,ETH-EUR,False,0,ETH,,,
1d2551e9-1e2b-476f-911a-2126e16c8596,,PendingOpen,,,0.002765,0,False,1624.95,,10/28/2022 20:37:22,10/28/2022 20:37:22,01/01/0001 00:00:00,ETH-EUR,False,0,ETH,,,
ec14813d-2825-4c71-b873-3dd88ac017c3,,PendingOpen,,,0.002765,0,False,1629.65,,10/28/2022 20:37:22,10/28/2022 20:37:22,01/01/0001 00:00:00,ETH-EUR,False,0,ETH,,,
0a4ff184-eaaf-403d-be41-82ff1abff2c5,,PendingOpen,,,0.002765,0,False,1634.35,,10/28/2022 20:37:22,10/28/2022 20:37:22,01/01/0001 00:00:00,ETH-EUR,False,0,ETH,,,
623cc697-ee6c-4232-add1-106d499a5801,,PendingOpen,,,0.002765,0,False,1639.05,,10/28/2022 20:37:22,10/28/2022 20:37:23,01/01/0001 00:00:00,ETH-EUR,False,0,ETH,,,
68797221-e607-4f5e-b619-4229747e2dae,,PendingOpen,,,0.002765,0,False,1643.75,,10/28/2022 20:37:23,10/28/2022 20:37:23,01/01/0001 00:00:00,ETH-EUR,False,0,ETH,,,
952e2c85-6019-4574-a180-bd8780a9ca70,,PendingOpen,,,0.002765,0,False,1648.45,,10/28/2022 20:37:23,10/28/2022 20:37:23,01/01/0001 00:00:00,ETH-EUR,False,0,ETH,,,
05f9d28e-15cc-493d-8cf8-86ee5e304086,,PendingOpen,,,0.002765,0,False,1653.15,,10/28/2022 20:37:23,10/28/2022 20:37:23,01/01/0001 00:00:00,ETH-EUR,False,0,ETH,,,
722a2e13-a6e5-4dc5-b787-47c52fde3d1e,,PendingOpen,,,0.002765,0,False,1657.85,,10/28/2022 20:37:23,10/28/2022 20:37:23,01/01/0001 00:00:00,ETH-EUR,False,0,ETH,,,
f598bb1b-2178-4a05-a177-619307ee6236,,PendingOpen,,,43,0,False,0.0849,,10/28/2022 20:40:49,10/28/2022 20:40:49,01/01/0001 00:00:00,DOGE-EUR,True,0,DOGE,,,
bc51768d-c750-437c-b4c0-c39a033b2d2a,,PendingOpen,,,43,0,False,0.0845,,10/28/2022 20:40:49,10/28/2022 20:40:49,01/01/0001 00:00:00,DOGE-EUR,True,0,DOGE,,,
61677666-c086-4add-a8aa-016806bbf8f8,,PendingOpen,,,43,0,False,0.0841,,10/28/2022 20:40:50,10/28/2022 20:40:50,01/01/0001 00:00:00,DOGE-EUR,True,0,DOGE,,,
5dbd258a-9254-470f-bfda-6dceacaf4544,,PendingOpen,,,43,0,False,0.0837,,10/28/2022 20:40:50,10/28/2022 20:40:50,01/01/0001 00:00:00,DOGE-EUR,True,0,DOGE,,,
ba5a88e4-e2e6-4afa-8fd6-245a43f34254,,PendingOpen,,,44,0,False,0.0832,,10/28/2022 20:40:50,10/28/2022 20:40:50,01/01/0001 00:00:00,DOGE-EUR,True,0,DOGE,,,
901f301e-49f6-4642-9d47-99c5cd6d5902,,PendingOpen,,,44,0,False,0.0828,,10/28/2022 20:40:50,10/28/2022 20:40:50,01/01/0001 00:00:00,DOGE-EUR,True,0,DOGE,,,
ead9baa6-319a-46df-bdd8-9f0e13fb4fe4,,PendingOpen,,,44,0,False,0.0824,,10/28/2022 20:40:51,10/28/2022 20:40:51,01/01/0001 00:00:00,DOGE-EUR,True,0,DOGE,,,
17b88c78-e2f9-4411-914e-468f53f7f637,,PendingOpen,,,44,0,False,0.0819,,10/28/2022 20:40:51,10/28/2022 20:40:51,01/01/0001 00:00:00,DOGE-EUR,True,0,DOGE,,,
dcb11ce9-ca8b-402b-908b-b0a7dd50565d,,PendingOpen,,,44,0,False,0.0815,,10/28/2022 20:40:51,10/28/2022 20:40:51,01/01/0001 00:00:00,DOGE-EUR,True,0,DOGE,,,
22644a14-39fa-4c8a-9638-e13709a4d938,,PendingOpen,,,45,0,False,0.0811,,10/28/2022 20:40:51,10/28/2022 20:40:51,01/01/0001 00:00:00,DOGE-EUR,True,0,DOGE,,,
8e654318-fab2-491a-a26e-1faef1a88f5d,,PendingOpen,,,45,0,False,0.0807,,10/28/2022 20:40:51,10/28/2022 20:40:51,01/01/0001 00:00:00,DOGE-EUR,True,0,DOGE,,,
824fd874-8553-4881-b35b-4ee6adc66bf4,,PendingOpen,,,45,0,False,0.0802,,10/28/2022 20:40:56,10/28/2022 20:40:56,01/01/0001 00:00:00,DOGE-EUR,True,0,DOGE,,,
cc720b06-2044-4abf-b2ad-d844ecacf63a,,PendingOpen,,,45,0,False,0.0798,,10/28/2022 20:40:56,10/28/2022 20:40:56,01/01/0001 00:00:00,DOGE-EUR,True,0,DOGE,,,
7f591123-2ce2-457f-a498-bd2c24b29e2e,,PendingOpen,,,46,0,False,0.0794,,10/28/2022 20:40:56,10/28/2022 20:40:56,01/01/0001 00:00:00,DOGE-EUR,True,0,DOGE,,,
35cc4d8f-162c-4a63-bc35-da678baa4dd5,,PendingOpen,,,46,0,False,0.0789,,10/28/2022 20:40:56,10/28/2022 20:40:56,01/01/0001 00:00:00,DOGE-EUR,True,0,DOGE,,,
e191898b-0659-4ba9-bd56-2e3abef0d00c,,PendingOpen,,,46,0,False,0.0785,,10/28/2022 20:40:56,10/28/2022 20:40:57,01/01/0001 00:00:00,DOGE-EUR,True,0,DOGE,,,
c8b48cf7-b56e-4911-af07-3de4da641c0d,,PendingOpen,,,46,0,False,0.0781,,10/28/2022 20:40:57,10/28/2022 20:40:57,01/01/0001 00:00:00,DOGE-EUR,True,0,DOGE,,,
73f5b80c-8efc-4907-9d92-3e93106782e3,,PendingOpen,,,38,0,False,0.0866,,10/28/2022 20:40:57,10/28/2022 20:40:57,01/01/0001 00:00:00,DOGE-EUR,False,0,DOGE,,,
70cf1e54-38f1-4716-bb84-2203cc173876,,PendingOpen,,,38,0,False,0.087,,10/28/2022 20:40:57,10/28/2022 20:40:57,01/01/0001 00:00:00,DOGE-EUR,False,0,DOGE,,,
ca6aed46-105a-4871-975c-3ea5dd742a22,,PendingOpen,,,38,0,False,0.0874,,10/28/2022 20:40:57,10/28/2022 20:40:57,01/01/0001 00:00:00,DOGE-EUR,False,0,DOGE,,,
220f74ed-6186-43bc-be46-d7d7742b8285,,PendingOpen,,,38,0,False,0.0878,,10/28/2022 20:40:57,10/28/2022 20:40:58,01/01/0001 00:00:00,DOGE-EUR,False,0,DOGE,,,
c0b2c472-d1e0-43b2-b7fb-593b5ef9b37d,,PendingOpen,,,38,0,False,0.0883,,10/28/2022 20:40:58,10/28/2022 20:40:58,01/01/0001 00:00:00,DOGE-EUR,False,0,DOGE,,,
89a639f8-9516-4698-94f3-2a9124553aa5,,PendingOpen,,,38,0,False,0.0887,,10/28/2022 20:40:58,10/28/2022 20:40:58,01/01/0001 00:00:00,DOGE-EUR,False,0,DOGE,,,
9efd9a22-1a60-4fa2-8315-be301bb2341c,,PendingOpen,,,38,0,False,0.0891,,10/28/2022 20:40:58,10/28/2022 20:40:58,01/01/0001 00:00:00,DOGE-EUR,False,0,DOGE,,,
98feecab-db39-4d61-9740-a5f84250f76f,,PendingOpen,,,38,0,False,0.0896,,10/28/2022 20:40:58,10/28/2022 20:40:58,01/01/0001 00:00:00,DOGE-EUR,False,0,DOGE,,,
14224de0-f403-4c65-ad76-2ebde3b290ef,,PendingOpen,,,38,0,False,0.09,,10/28/2022 20:40:58,10/28/2022 20:40:59,01/01/0001 00:00:00,DOGE-EUR,False,0,DOGE,,,
cde307c5-623f-40c2-93e4-a5c2c6a482d0,,PendingOpen,,,38,0,False,0.0904,,10/28/2022 20:40:59,10/28/2022 20:40:59,01/01/0001 00:00:00,DOGE-EUR,False,0,DOGE,,,
ab16825c-dd96-4b68-b943-84af33c21b6e,,PendingOpen,,,38,0,False,0.0908,,10/28/2022 20:40:59,10/28/2022 20:40:59,01/01/0001 00:00:00,DOGE-EUR,False,0,DOGE,,,
55775e36-804b-47d3-ab04-edb81acddef9,,PendingOpen,,,38,0,False,0.0913,,10/28/2022 20:40:59,10/28/2022 20:40:59,01/01/0001 00:00:00,DOGE-EUR,False,0,DOGE,,,
88d3f703-7781-455d-b3ed-837442ed6910,,PendingOpen,,,38,0,False,0.0917,,10/28/2022 20:40:59,10/28/2022 20:40:59,01/01/0001 00:00:00,DOGE-EUR,False,0,DOGE,,,
271e1e2b-5c27-4f4e-9efb-1f434d005af7,,PendingOpen,,,38,0,False,0.0921,,10/28/2022 20:40:59,10/28/2022 20:41:00,01/01/0001 00:00:00,DOGE-EUR,False,0,DOGE,,,
d999a733-d8bd-42e0-8add-b46760bf7beb,,PendingOpen,,,38,0,False,0.0926,,10/28/2022 20:41:00,10/28/2022 20:41:00,01/01/0001 00:00:00,DOGE-EUR,False,0,DOGE,,,
b53c39a8-9dd1-4447-8c5c-4ebf31f97425,,PendingOpen,,,38,0,False,0.093,,10/28/2022 20:41:00,10/28/2022 20:41:00,01/01/0001 00:00:00,DOGE-EUR,False,0,DOGE,,,
c9312132-afa9-45a8-863d-3f0bf515343a,,PendingOpen,,,38,0,False,0.0934,,10/28/2022 20:41:00,10/28/2022 20:41:00,01/01/0001 00:00:00,DOGE-EUR,False,0,DOGE,,,
cec31f88-d081-4f45-86a3-6a10230284d0,,PendingOpen,,,38,0,False,0.0938,,10/28/2022 20:41:00,10/28/2022 20:41:00,01/01/0001 00:00:00,DOGE-EUR,False,0,DOGE,,,
783bf044-4df1-42aa-b6a4-d76203bee755,,PendingOpen,,,43,0,False,0.0857,,10/28/2022 20:58:15,10/28/2022 20:58:15,01/01/0001 00:00:00,DOGE-EUR,False,0,DOGE,,,
ab642429-842d-4f0c-af10-2eff7b9f1a85,,PendingOpen,,,43,0,False,0.0848,,10/28/2022 21:08:22,10/28/2022 21:08:22,01/01/0001 00:00:00,DOGE-EUR,True,0,DOGE,,,
d559de90-d929-427c-9b36-4d2771e3cac5,,PendingOpen,,,43,0,False,0.0858,,10/28/2022 21:53:56,10/28/2022 21:53:56,01/01/0001 00:00:00,DOGE-EUR,False,0,DOGE,,,
47260403-9140-44d7-968f-b7f064fec178,,PendingOpen,,,43,0,False,0.0856,,10/28/2022 21:53:57,10/28/2022 21:53:57,01/01/0001 00:00:00,DOGE-EUR,False,0,DOGE,,,
6c54feaf-d1d9-4db7-b16d-e1188198bc07,,PendingOpen,,,38,0,False,0.0857,,10/28/2022 22:09:09,10/28/2022 22:09:09,01/01/0001 00:00:00,DOGE-EUR,True,0,DOGE,,,
4d87ad1e-7470-43e1-a386-3c4dd2c7ee61,,PendingOpen,,,38,0,False,0.0857,,10/28/2022 22:09:09,10/28/2022 22:09:09,01/01/0001 00:00:00,DOGE-EUR,True,0,DOGE,,,
d3f3c7f3-643f-4470-a94d-9edddd269319,,PendingOpen,,,38,0,False,0.0857,,10/28/2022 22:09:10,10/28/2022 22:09:10,01/01/0001 00:00:00,DOGE-EUR,True,0,DOGE,,,
99f7619b-e574-4f65-befb-41a6ad4c1e2f,,PendingOpen,,,38,0,False,0.0856,,10/28/2022 22:09:10,10/28/2022 22:09:10,01/01/0001 00:00:00,DOGE-EUR,True,0,DOGE,,,
bfe6969e-77c7-4619-a9e5-01fb72a9def0,,PendingOpen,,,38,0,False,0.0857,,10/28/2022 22:09:10,10/28/2022 22:09:10,01/01/0001 00:00:00,DOGE-EUR,True,0,DOGE,,,
ffb99d1b-63d1-4e2f-8b1c-c90275bc1259,,PendingOpen,,,43,0,False,0.0845,,10/28/2022 22:09:11,10/28/2022 22:09:11,01/01/0001 00:00:00,DOGE-EUR,True,0,DOGE,,,
341a502b-c417-439b-b758-86ad2c2a155d,,PendingOpen,,,43,0,False,0.0847,,10/28/2022 22:09:11,10/28/2022 22:09:11,01/01/0001 00:00:00,DOGE-EUR,True,0,DOGE,,,
ef37da04-3181-469f-93fb-480d70149250,,PendingOpen,,,38,0,False,0.0866,,10/28/2022 23:30:04,10/28/2022 23:30:04,01/01/0001 00:00:00,DOGE-EUR,False,0,DOGE,,,
058f9efc-4156-4b65-8889-0a6de309a8d6,,PendingOpen,,,38,0,False,0.087,,10/28/2022 23:30:05,10/28/2022 23:30:05,01/01/0001 00:00:00,DOGE-EUR,False,0,DOGE,,,
d65f50a3-1c16-4010-bc29-a62a416c2291,,PendingOpen,,,38,0,False,0.0874,,10/28/2022 23:30:05,10/28/2022 23:30:05,01/01/0001 00:00:00,DOGE-EUR,False,0,DOGE,,,
c89bca71-9eed-4cb9-b88c-16a7b2d13c35,,PendingOpen,,,38,0,False,0.0883,,10/28/2022 23:30:05,10/28/2022 23:30:05,01/01/0001 00:00:00,DOGE-EUR,False,0,DOGE,,,
35686497-aee9-48b9-add2-9491b0afa2a5,,PendingOpen,,,43,0,False,0.0858,,10/28/2022 23:35:09,10/28/2022 23:35:09,01/01/0001 00:00:00,DOGE-EUR,False,0,DOGE,,,
415120bc-7cee-4201-b416-d9d17a6af75a,,PendingOpen,,,38,0,False,0.0877,,10/28/2022 23:35:09,10/28/2022 23:35:09,01/01/0001 00:00:00,DOGE-EUR,False,0,DOGE,,,
e2dc7853-3a72-4945-806b-f08e882662af,,PendingOpen,,,43,0,False,0.0858,,10/28/2022 23:35:09,10/28/2022 23:35:10,01/01/0001 00:00:00,DOGE-EUR,False,0,DOGE,,,
29d04235-d108-4ed7-9b50-9f1c1b893794,,PendingOpen,,,43,0,False,0.0855,,10/28/2022 23:35:10,10/28/2022 23:35:10,01/01/0001 00:00:00,DOGE-EUR,False,0,DOGE,,,
2149e22a-1b04-4ef3-9493-b8cd310b7da4,,PendingOpen,,,43,0,False,0.0858,,10/28/2022 23:40:14,10/28/2022 23:40:14,01/01/0001 00:00:00,DOGE-EUR,False,0,DOGE,,,
352121f7-b275-4c9c-8293-ab206b7b5f25,,PendingOpen,,,5,0,False,0.3378,,10/28/2022 23:41:15,10/28/2022 23:41:15,01/01/0001 00:00:00,ALGO-EUR,False,0,ALGO,,,
b196a7c2-6269-4ec1-b941-002cd443e551,,PendingOpen,,,5,0,False,0.3344,,10/29/2022 00:16:36,10/29/2022 00:16:37,01/01/0001 00:00:00,ALGO-EUR,True,0,ALGO,,,
69e080db-51a2-442c-a9d0-ab0cf08105b8,,PendingOpen,,,44,0,False,0.0857,,10/29/2022 00:20:39,10/29/2022 00:20:39,01/01/0001 00:00:00,DOGE-EUR,False,0,DOGE,,,
9538470a-c76b-41b8-af68-ee0d667936e7,,PendingOpen,,,0.002227,0,False,1570.06,,10/29/2022 00:39:55,10/29/2022 00:39:55,01/01/0001 00:00:00,ETH-EUR,False,0,ETH,,,
b5eea566-8755-4fcb-ade5-c23d6d9fc229,,PendingOpen,,,43,0,False,0.0846,,10/29/2022 01:16:19,10/29/2022 01:16:19,01/01/0001 00:00:00,DOGE-EUR,True,0,DOGE,,,
358291c4-8f25-4185-a27d-15b86d763f7b,,PendingOpen,,,44,0,False,0.0831,,10/29/2022 01:16:19,10/29/2022 01:16:19,01/01/0001 00:00:00,DOGE-EUR,True,0,DOGE,,,
dda4bcf2-b42b-44ce-90c6-f67af8388376,,PendingOpen,,,38,0,False,0.0857,,10/29/2022 01:21:23,10/29/2022 01:21:23,01/01/0001 00:00:00,DOGE-EUR,True,0,DOGE,,,
fbd14941-8244-4965-8829-d3c08303ef8c,,PendingOpen,,,43,0,False,0.0841,,10/29/2022 01:21:23,10/29/2022 01:21:23,01/01/0001 00:00:00,DOGE-EUR,True,0,DOGE,,,
61de36bc-91b3-4012-a471-baa7c4a3e49f,,PendingOpen,,,43,0,False,0.0845,,10/29/2022 01:21:24,10/29/2022 01:21:24,01/01/0001 00:00:00,DOGE-EUR,True,0,DOGE,,,
bfd4dfbb-841a-49ad-b80e-090b18ad2862,,PendingOpen,,,38,0,False,0.0857,,10/29/2022 01:31:38,10/29/2022 01:31:38,01/01/0001 00:00:00,DOGE-EUR,True,0,DOGE,,,
7786a5f7-c902-4c25-8366-40758a78f542,,PendingOpen,,,38,0,False,0.0857,,10/29/2022 01:31:38,10/29/2022 01:31:38,01/01/0001 00:00:00,DOGE-EUR,True,0,DOGE,,,
3349e763-0ab2-442b-9eab-46f15f47711e,,PendingOpen,,,38,0,False,0.0855,,10/29/2022 01:31:39,10/29/2022 01:31:39,01/01/0001 00:00:00,DOGE-EUR,True,0,DOGE,,,
2b6b94c5-e9bd-48ae-ad0c-46f7544a60a7,,PendingOpen,,,0.002227,0,False,1554.36,,10/29/2022 02:31:26,10/29/2022 02:31:26,01/01/0001 00:00:00,ETH-EUR,True,0,ETH,,,
01c98678-8007-458d-b367-de72d48ca051,,PendingOpen,,,0.002766,0,False,1566.81,,10/29/2022 02:51:39,10/29/2022 02:51:39,01/01/0001 00:00:00,ETH-EUR,True,0,ETH,,,
33dfa4d2-cdcb-48bc-8f6d-b9e6e61ec973,,PendingOpen,,,38,0,False,0.0857,,10/29/2022 03:12:54,10/29/2022 03:12:54,01/01/0001 00:00:00,DOGE-EUR,True,0,DOGE,,,
5f7e93de-b38f-4b18-bc44-377c16c0d2d4,,PendingOpen,,,0.002766,0,False,1566.7,,10/29/2022 03:16:57,10/29/2022 03:16:57,01/01/0001 00:00:00,ETH-EUR,True,0,ETH,,,
0d0ca521-fdef-4372-9888-8fd436e18ccb,,PendingOpen,,,0.002766,0,False,1566.57,,10/29/2022 03:16:57,10/29/2022 03:16:57,01/01/0001 00:00:00,ETH-EUR,True,0,ETH,,,
b13cd6c1-9e71-4c84-8cde-6b14f943098e,,PendingOpen,,,5,0,False,0.3376,,10/29/2022 03:18:59,10/29/2022 03:18:59,01/01/0001 00:00:00,ALGO-EUR,True,0,ALGO,,,
9c9f82a4-703b-43e0-a69c-6ffbb06b82ca,,PendingOpen,,,0.002766,0,False,1566.4,,10/29/2022 03:22:01,10/29/2022 03:22:01,01/01/0001 00:00:00,ETH-EUR,True,0,ETH,,,
9f6d9120-bc42-4dd4-8398-c62a2b68caa3,,PendingOpen,,,38,0,False,0.0866,,10/29/2022 03:52:26,10/29/2022 03:52:26,01/01/0001 00:00:00,DOGE-EUR,False,0,DOGE,,,
5a673a4a-e78b-4729-b552-70d8bc9df69c,,PendingOpen,,,38,0,False,0.087,,10/29/2022 03:52:26,10/29/2022 03:52:26,01/01/0001 00:00:00,DOGE-EUR,False,0,DOGE,,,
56de6614-02af-4c23-a662-82c23c4e3362,,PendingOpen,,,38,0,False,0.0874,,10/29/2022 03:52:26,10/29/2022 03:52:27,01/01/0001 00:00:00,DOGE-EUR,False,0,DOGE,,,
f1f5e4f6-8a83-44a3-9952-78c15dc5e9e7,,PendingOpen,,,38,0,False,0.0883,,10/29/2022 03:52:27,10/29/2022 03:52:27,01/01/0001 00:00:00,DOGE-EUR,False,0,DOGE,,,
ed40d3e5-e531-4a2f-b2c4-99efd739c09a,,PendingOpen,,,38,0,False,0.0857,,10/29/2022 03:57:30,10/29/2022 03:57:30,01/01/0001 00:00:00,DOGE-EUR,True,0,DOGE,,,
eb59409b-18cc-4471-9d1b-8719f0b2f9d5,,PendingOpen,,,38,0,False,0.0857,,10/29/2022 04:17:43,10/29/2022 04:17:43,01/01/0001 00:00:00,DOGE-EUR,True,0,DOGE,,,
6f5272a0-bb05-4f19-a2d9-c90c51f46fde,,PendingOpen,,,38,0,False,0.0857,,10/29/2022 04:27:50,10/29/2022 04:27:50,01/01/0001 00:00:00,DOGE-EUR,True,0,DOGE,,,
ede4322b-bd73-46f8-a087-ffcf42c3a9ce,,PendingOpen,,,5,0,False,0.341,,10/29/2022 04:44:01,10/29/2022 04:44:01,01/01/0001 00:00:00,ALGO-EUR,False,0,ALGO,,,
a0f8b310-e9f0-44a2-a8b2-886eee72e763,,PendingOpen,,,38,0,False,0.0876,,10/29/2022 05:18:24,10/29/2022 05:18:24,01/01/0001 00:00:00,DOGE-EUR,False,0,DOGE,,,
b76b827d-cc13-4be1-ae23-d068ad57bd1a,,PendingOpen,,,38,0,False,0.0866,,10/29/2022 05:18:24,10/29/2022 05:18:24,01/01/0001 00:00:00,DOGE-EUR,False,0,DOGE,,,
43677479-839c-4682-a0a4-b4d916660f7a,,PendingOpen,,,38,0,False,0.087,,10/29/2022 05:18:25,10/29/2022 05:18:25,01/01/0001 00:00:00,DOGE-EUR,False,0,DOGE,,,
8eae4caa-e181-459c-aadf-15c730d0c8d2,,PendingOpen,,,38,0,False,0.0874,,10/29/2022 05:18:25,10/29/2022 05:18:25,01/01/0001 00:00:00,DOGE-EUR,False,0,DOGE,,,
19ce323f-0204-4a2c-9729-95c374817bc9,,PendingOpen,,,0.002767,0,False,1566.21,,10/29/2022 05:27:33,10/29/2022 05:27:33,01/01/0001 00:00:00,ETH-EUR,True,0,ETH,,,
5d90ff21-a327-41d3-a17b-8f00f0efbe95,,PendingOpen,,,0.002767,0,False,1565.99,,10/29/2022 05:27:33,10/29/2022 05:27:33,01/01/0001 00:00:00,ETH-EUR,True,0,ETH,,,
8e327f8e-b740-4944-ad66-ddc75ac04ae8,,PendingOpen,,,5,0,False,0.3376,,10/29/2022 05:29:35,10/29/2022 05:29:35,01/01/0001 00:00:00,ALGO-EUR,True,0,ALGO,,,
be13b19c-850e-4efe-997b-55353ff1b1b8,,PendingOpen,,,43,0,False,0.0854,,10/29/2022 06:14:06,10/29/2022 06:14:06,01/01/0001 00:00:00,DOGE-EUR,False,0,DOGE,,,
9d5d0255-767b-487c-8be1-50a6690e210c,,PendingOpen,,,43,0,False,0.0858,,10/29/2022 06:14:06,10/29/2022 06:14:06,01/01/0001 00:00:00,DOGE-EUR,False,0,DOGE,,,
4a532470-9787-41d1-91d1-58e6a6635510,,PendingOpen,,,43,0,False,0.0845,,10/29/2022 06:29:16,10/29/2022 06:29:16,01/01/0001 00:00:00,DOGE-EUR,True,0,DOGE,,,
703b5f69-5346-453f-965c-0b5410bce615,,PendingOpen,,,43,0,False,0.0845,,10/29/2022 06:34:20,10/29/2022 06:34:20,01/01/0001 00:00:00,DOGE-EUR,True,0,DOGE,,,
8679f259-9881-401d-84cb-db615c1da4cb,,PendingOpen,,,38,0,False,0.0857,,10/29/2022 06:44:29,10/29/2022 06:44:29,01/01/0001 00:00:00,DOGE-EUR,True,0,DOGE,,,
42c0b7a2-1c6c-4f05-9152-6a7c0661d4a5,,PendingOpen,,,38,0,False,0.0857,,10/29/2022 07:14:50,10/29/2022 07:14:50,01/01/0001 00:00:00,DOGE-EUR,True,0,DOGE,,,
5ed89e05-37e0-4aad-9296-91ab3dcd8986,,PendingOpen,,,38,0,False,0.0856,,10/29/2022 07:19:55,10/29/2022 07:19:55,01/01/0001 00:00:00,DOGE-EUR,True,0,DOGE,,,
09ee52d5-9b4a-4f8d-8c11-21865a0e5988,,PendingOpen,,,38,0,False,0.0855,,10/29/2022 07:19:55,10/29/2022 07:19:55,01/01/0001 00:00:00,DOGE-EUR,True,0,DOGE,,,
4a0bc6cb-4220-42f3-a7df-63a71bd0a567,,PendingOpen,,,38,0,False,0.0856,,10/29/2022 07:19:55,10/29/2022 07:19:55,01/01/0001 00:00:00,DOGE-EUR,True,0,DOGE,,,
28a54930-1aad-4568-9b69-2f397896f7c8,,PendingOpen,,,38,0,False,0.0855,,10/29/2022 07:19:56,10/29/2022 07:19:56,01/01/0001 00:00:00,DOGE-EUR,True,0,DOGE,,,
7a29af30-759a-495b-98f8-d40d1091a26c,,PendingOpen,,,38,0,False,0.0857,,10/29/2022 07:19:56,10/29/2022 07:19:56,01/01/0001 00:00:00,DOGE-EUR,True,0,DOGE,,,
8dee98ac-179b-4805-9b3c-93f19c7458fa,,PendingOpen,,,38,0,False,0.0854,,10/29/2022 07:19:56,10/29/2022 07:19:56,01/01/0001 00:00:00,DOGE-EUR,True,0,DOGE,,,
f68ef2ab-f93e-4517-80b2-300c7d98b882,,PendingOpen,,,38,0,False,0.0857,,10/29/2022 07:19:56,10/29/2022 07:19:56,01/01/0001 00:00:00,DOGE-EUR,True,0,DOGE,,,
7a7322f7-4d0a-425b-acf6-7b95f5498bac,,PendingOpen,,,38,0,False,0.0854,,10/29/2022 07:25:00,10/29/2022 07:25:00,01/01/0001 00:00:00,DOGE-EUR,True,0,DOGE,,,
897e2740-1bc8-4168-b926-68417d37bcc4,,PendingOpen,,,38,0,False,0.0854,,10/29/2022 07:25:01,10/29/2022 07:25:01,01/01/0001 00:00:00,DOGE-EUR,True,0,DOGE,,,
6787b133-2b45-4c48-8e9b-d77b90c670e5,,PendingOpen,,,38,0,False,0.0854,,10/29/2022 07:35:09,10/29/2022 07:35:10,01/01/0001 00:00:00,DOGE-EUR,True,0,DOGE,,,
f397aac2-870e-44c8-85c3-e6766fae9249,,PendingOpen,,,38,0,False,0.0853,,10/29/2022 07:35:10,10/29/2022 07:35:10,01/01/0001 00:00:00,DOGE-EUR,True,0,DOGE,,,
88650036-5e80-49c7-9a16-23caa345e758,,PendingOpen,,,38,0,False,0.0852,,10/29/2022 07:40:14,10/29/2022 07:40:14,01/01/0001 00:00:00,DOGE-EUR,True,0,DOGE,,,
87357729-435a-412b-a8dd-1f85ef14da2a,,PendingOpen,,,38,0,False,0.0852,,10/29/2022 07:55:25,10/29/2022 07:55:25,01/01/0001 00:00:00,DOGE-EUR,True,0,DOGE,,,
14dcbb4c-7f70-4365-ba02-dcfd8984ec29,,PendingOpen,,,38,0,False,0.0851,,10/29/2022 08:00:29,10/29/2022 08:00:29,01/01/0001 00:00:00,DOGE-EUR,True,0,DOGE,,,
3efb0565-4e83-407c-9156-7cb03adcb913,,PendingOpen,,,38,0,False,0.085,,10/29/2022 08:00:30,10/29/2022 08:00:30,01/01/0001 00:00:00,DOGE-EUR,True,0,DOGE,,,
73a28f7c-7eb1-41bc-8221-c145eb3f02cd,,PendingOpen,,,38,0,False,0.0849,,10/29/2022 08:00:30,10/29/2022 08:00:30,01/01/0001 00:00:00,DOGE-EUR,True,0,DOGE,,,
9cbed3e0-c789-4c28-922b-fa8932279558,,PendingOpen,,,0.002768,0,False,1565.75,,10/29/2022 08:14:41,10/29/2022 08:14:41,01/01/0001 00:00:00,ETH-EUR,True,0,ETH,,,
e3da519d-a731-447f-92cc-9f7a94a6816e,,PendingOpen,,,5,0,False,0.3376,,10/29/2022 08:16:43,10/29/2022 08:16:43,01/01/0001 00:00:00,ALGO-EUR,True,0,ALGO,,,
